country_iso3,year,rank,rank_note,adoption_percentile,overall_score,centralized_service_value_received_rank,defi_value_received_rank,institutional_centralized_service_value_received_rank,number_of_onchain_deposits_rank,onchain_retail_value_received_rank,onchain_value_received_rank,p2p_exchange_trade_volume_rank,retail_centralized_service_value_received_rank,retail_defi_value_received_rank
AFG,2020,,Among lowest,0.0,0.0,,,,105.0,46.0,60.0,,,
AFG,2021,20.0,,0.8766233766233766,0.13,,,,,38.0,53.0,7.0,,
AFG,2022,146.0,,0.0,,114.0,145.0,,,,,146.0,114.0,146.0
AFG,2023,147.0,,0.051948051948051965,,128.0,149.0,,,,,125.0,127.0,149.0
AFG,2024,31.0,,0.8,,40.0,8.0,,,,,,56.0,46.0
AFG,2025,122.0,,0.06201550387596899,,122.0,122.0,122.0,,,,,123.0,
AGO,2020,109.0,,0.22857142857142854,0.016,,,,124.0,102.0,119.0,109.0,,
AGO,2021,117.0,,0.24675324675324672,0.02,,,,,122.0,130.0,41.0,,
AGO,2022,117.0,,0.19999999999999996,,109.0,121.0,,,,,116.0,109.0,106.0
AGO,2023,108.0,,0.30519480519480524,,100.0,116.0,,,,,67.0,106.0,116.0
AGO,2024,139.0,,0.07999999999999996,,114.0,149.0,,,,,,110.0,145.0
AGO,2025,102.0,,0.21705426356589153,,89.0,115.0,93.0,,,,,80.0,
ALB,2020,118.0,,0.16428571428571426,0.01,,,,88.0,121.0,120.0,128.0,,
ALB,2021,94.0,,0.39610389610389607,0.03,,,,,103.0,83.0,71.0,,
ALB,2022,96.0,,0.3448275862068966,,105.0,86.0,,,,,49.0,105.0,76.0
ALB,2023,85.0,,0.4545454545454546,,106.0,58.0,,,,,98.0,110.0,58.0
ALB,2024,109.0,,0.28,,110.0,111.0,,,,,,117.0,100.0
ALB,2025,111.0,,0.1472868217054264,,111.0,113.0,113.0,,,,,103.0,
AND,2024,111.0,,0.2666666666666667,,125.0,103.0,,,,,,133.0,79.0
AND,2025,127.0,,0.023255813953488413,,127.0,126.0,127.0,,,,,128.0,
ARE,2020,76.0,,0.4642857142857143,0.056,,,,65.0,101.0,95.0,61.0,,
ARE,2021,100.0,,0.3571428571428571,0.02,,,,,88.0,82.0,104.0,,
ARE,2023,78.0,,0.5,,77.0,60.0,,,,,102.0,89.0,60.0
ARE,2024,56.0,,0.6333333333333333,,71.0,58.0,,,,,,75.0,49.0
ARE,2025,53.0,,0.5968992248062015,,59.0,49.0,60.0,,,,,64.0,
ARG,2020,28.0,,0.8071428571428572,0.174,,,,73.0,29.0,27.0,42.0,,
ARG,2021,10.0,,0.9415584415584416,0.19,,,,,17.0,14.0,33.0,,
ARG,2022,13.0,,0.9172413793103449,,13.0,21.0,,,,,26.0,13.0,25.0
ARG,2023,15.0,,0.9090909090909091,,14.0,19.0,,,,,29.0,12.0,19.0
ARG,2024,15.0,,0.9066666666666666,,13.0,17.0,,,,,,13.0,20.0
ARG,2025,20.0,,0.8527131782945736,,18.0,29.0,19.0,,,,,18.0,
ARM,2020,105.0,,0.2571428571428571,0.021,,,,54.0,110.0,110.0,117.0,,
ARM,2021,107.0,,0.3116883116883117,0.02,,,,,105.0,107.0,81.0,,
ARM,2022,75.0,,0.4896551724137931,,72.0,49.0,,,,,70.0,72.0,45.0
ARM,2023,89.0,,0.4285714285714286,,81.0,88.0,,,,,113.0,63.0,88.0
ARM,2024,77.0,,0.4933333333333333,,79.0,81.0,,,,,,70.0,81.0
ARM,2025,79.0,,0.39534883720930236,,79.0,86.0,81.0,,,,,73.0,
ATG,2023,145.0,,0.06493506493506496,,148.0,135.0,,,,,135.0,151.0,135.0
AUS,2020,20.0,,0.8642857142857143,0.21,,,,34.0,34.0,36.0,27.0,,
AUS,2021,38.0,,0.7597402597402597,0.07,,,,,32.0,30.0,98.0,,
AUS,2022,40.0,,0.7310344827586207,,40.0,25.0,,,,,90.0,40.0,21.0
AUS,2023,41.0,,0.7402597402597403,,37.0,33.0,,,,,70.0,42.0,33.0
AUS,2024,39.0,,0.7466666666666666,,41.0,36.0,,,,,,48.0,34.0
AUS,2025,38.0,,0.7131782945736433,,38.0,30.0,36.0,,,,,45.0,
AUT,2020,54.0,,0.6214285714285714,0.087,,,,29.0,72.0,58.0,67.0,,
AUT,2021,98.0,,0.3701298701298701,0.02,,,,,65.0,67.0,130.0,,
AUT,2022,107.0,,0.2689655172413793,,83.0,56.0,,,,,127.0,83.0,66.0
AUT,2023,84.0,,0.461038961038961,,73.0,65.0,,,,,127.0,78.0,65.0
AUT,2024,74.0,,0.5133333333333333,,84.0,71.0,,,,,,84.0,67.0
AUT,2025,74.0,,0.43410852713178294,,80.0,58.0,78.0,,,,,88.0,
AZE,2020,125.0,,0.11428571428571432,0.008,,,,119.0,116.0,102.0,136.0,,
AZE,2021,101.0,,0.35064935064935066,0.02,,,,,69.0,96.0,110.0,,
AZE,2022,109.0,,0.2551724137931034,,100.0,102.0,,,,,88.0,100.0,94.0
AZE,2023,74.0,,0.525974025974026,,67.0,72.0,,,,,99.0,56.0,72.0
AZE,2024,92.0,,0.3933333333333333,,75.0,107.0,,,,,,69.0,106.0
AZE,2025,90.0,,0.31007751937984496,,81.0,97.0,82.0,,,,,83.0,
BEL,2020,44.0,,0.6928571428571428,0.125,,,,30.0,55.0,51.0,47.0,,
BEL,2021,71.0,,0.5454545454545454,0.04,,,,,52.0,56.0,100.0,,
BEL,2022,94.0,,0.35862068965517246,,74.0,58.0,,,,,128.0,74.0,55.0
BEL,2023,81.0,,0.48051948051948057,,74.0,75.0,,,,,105.0,82.0,75.0
BEL,2024,68.0,,0.5533333333333333,,77.0,63.0,,,,,,83.0,69.0
BEL,2025,64.0,,0.5116279069767442,,72.0,50.0,68.0,,,,,77.0,
BEN,2020,90.0,,0.3642857142857143,0.039,,,,109.0,66.0,81.0,88.0,,
BEN,2021,36.0,,0.7727272727272727,0.07,,,,,75.0,76.0,11.0,,
BEN,2022,106.0,,0.27586206896551724,,94.0,52.0,,,,,85.0,94.0,103.0
BEN,2023,80.0,,0.487012987012987,,123.0,79.0,,,,,34.0,119.0,79.0
BEN,2024,94.0,,0.38,,119.0,72.0,,,,,,115.0,68.0
BFA,2020,126.0,,0.1071428571428571,0.006,,,,149.0,126.0,124.0,114.0,,
BFA,2021,131.0,,0.1558441558441559,0.01,,,,,120.0,125.0,139.0,,
BFA,2022,133.0,,0.08965517241379306,,128.0,108.0,,,,,136.0,128.0,116.0
BFA,2023,110.0,,0.29220779220779225,,94.0,131.0,,,,,39.0,83.0,131.0
BFA,2024,110.0,,0.2733333333333333,,131.0,96.0,,,,,,128.0,87.0
BGD,2020,45.0,,0.6857142857142857,0.118,,,,104.0,21.0,24.0,80.0,,
BGD,2021,29.0,,0.8181818181818181,0.09,,,,,30.0,40.0,54.0,,
BGD,2022,36.0,,0.7586206896551724,,30.0,48.0,,,,,92.0,30.0,39.0
BGD,2023,17.0,,0.8961038961038961,,18.0,22.0,,,,,33.0,19.0,22.0
BGD,2024,35.0,,0.7733333333333333,,27.0,50.0,,,,,,23.0,41.0
BGD,2025,13.0,,0.9069767441860466,,15.0,14.0,14.0,,,,,14.0,
BGR,2020,65.0,,0.5428571428571429,0.073,,,,11.0,45.0,33.0,118.0,,
BGR,2021,28.0,,0.8246753246753247,0.09,,,,,41.0,46.0,30.0,,
BGR,2022,48.0,,0.6758620689655173,,48.0,42.0,,,,,54.0,48.0,44.0
BGR,2023,58.0,,0.6298701298701299,,53.0,38.0,,,,,100.0,57.0,38.0
BGR,2024,53.0,,0.6533333333333333,,63.0,54.0,,,,,,74.0,48.0
BGR,2025,69.0,,0.4728682170542635,,77.0,55.0,77.0,,,,,72.0,
BHR,2020,121.0,,0.1428571428571429,0.009,,,,77.0,138.0,138.0,107.0,,
BHR,2021,143.0,,0.07792207792207795,0.0,,,,,140.0,138.0,127.0,,
BHR,2022,135.0,,0.07586206896551728,,132.0,132.0,,,,,134.0,132.0,131.0
BHR,2023,133.0,,0.1428571428571429,,136.0,122.0,,,,,141.0,142.0,122.0
BHR,2024,134.0,,0.11333333333333329,,144.0,125.0,,,,,,140.0,129.0
BHR,2025,115.0,,0.11627906976744184,,115.0,109.0,114.0,,,,,116.0,
BHS,2020,133.0,,0.05714285714285716,0.003,,,,69.0,143.0,143.0,133.0,,
BHS,2021,128.0,,0.17532467532467533,0.01,,,,,132.0,131.0,60.0,,
BHS,2022,118.0,,0.19310344827586212,,137.0,120.0,,,,,3.0,137.0,126.0
BHS,2023,127.0,,0.18181818181818177,,130.0,117.0,,,,,128.0,130.0,117.0
BHS,2024,128.0,,0.15333333333333332,,146.0,106.0,,,,,,149.0,103.0
BHS,2025,129.0,,0.007751937984496138,,128.0,130.0,128.0,,,,,130.0,
BIH,2020,86.0,,0.3928571428571429,0.042,,,,55.0,95.0,99.0,87.0,,
BIH,2021,114.0,,0.26623376623376627,0.02,,,,,113.0,116.0,69.0,,
BIH,2022,115.0,,0.21379310344827585,,113.0,112.0,,,,,65.0,113.0,109.0
BIH,2023,126.0,,0.18831168831168832,,109.0,119.0,,,,,144.0,123.0,119.0
BIH,2024,81.0,,0.4666666666666667,,105.0,66.0,,,,,,98.0,64.0
BIH,2025,97.0,,0.2558139534883721,,93.0,98.0,97.0,,,,,82.0,
BLR,2020,19.0,,0.8714285714285714,0.241,,,,25.0,44.0,42.0,12.0,,
BLR,2021,33.0,,0.7922077922077921,0.08,,,,,40.0,36.0,52.0,,
BLR,2022,25.0,,0.8344827586206897,,31.0,43.0,,,,,29.0,31.0,57.0
BLR,2023,44.0,,0.7207792207792207,,40.0,41.0,,,,,61.0,36.0,41.0
BLR,2024,38.0,,0.7533333333333333,,43.0,39.0,,,,,,34.0,40.0
BLR,2025,49.0,,0.627906976744186,,48.0,64.0,52.0,,,,,41.0,
BLZ,2020,138.0,,0.021428571428571463,0.002,,,,117.0,147.0,145.0,130.0,,
BLZ,2021,138.0,,0.11038961038961037,0.01,,,,,148.0,140.0,58.0,,
BLZ,2022,70.0,,0.5241379310344827,,106.0,109.0,,,,,8.0,106.0,71.0
BLZ,2024,148.0,,0.020000000000000018,,152.0,123.0,,,,,,158.0,149.0
BOL,2020,59.0,,0.5857142857142856,0.082,,,,89.0,65.0,69.0,38.0,,
BOL,2021,52.0,,0.6688311688311688,0.05,,,,,83.0,63.0,27.0,,
BOL,2022,42.0,,0.7172413793103448,,54.0,93.0,,,,,20.0,54.0,91.0
BOL,2023,79.0,,0.49350649350649356,,62.0,111.0,,,,,64.0,55.0,111.0
BOL,2024,101.0,,0.33333333333333337,,48.0,124.0,,,,,,52.0,115.0
BOL,2025,46.0,,0.6511627906976745,,32.0,89.0,34.0,,,,,32.0,
BRA,2020,13.0,,0.9142857142857143,0.338,,,,66.0,5.0,6.0,68.0,,
BRA,2021,14.0,,0.9155844155844156,0.16,,,,,7.0,5.0,113.0,,
BRA,2022,7.0,,0.9586206896551724,,7.0,8.0,,,,,113.0,7.0,7.0
BRA,2023,9.0,,0.948051948051948,,9.0,11.0,,,,,15.0,11.0,11.0
BRA,2024,10.0,,0.94,,8.0,10.0,,,,,,10.0,14.0
BRA,2025,5.0,,0.9689922480620154,,5.0,5.0,5.0,,,,,5.0,
BRB,2020,111.0,,0.2142857142857143,0.015,,,,33.0,136.0,133.0,102.0,,
BRB,2021,124.0,,0.2012987012987013,0.01,,,,,134.0,135.0,24.0,,
BRB,2022,101.0,,0.31034482758620685,,121.0,136.0,,,,,11.0,121.0,137.0
BRB,2023,148.0,,0.045454545454545414,,89.0,151.0,,,,,119.0,61.0,151.0
BRN,2020,135.0,,0.042857142857142816,0.003,,,,81.0,146.0,146.0,126.0,,
BRN,2021,155.0,,0.0,0.0,,,,,154.0,157.0,137.0,,
BRN,2022,145.0,,0.006896551724137945,,146.0,141.0,,,,,139.0,146.0,141.0
BRN,2023,153.0,,0.012987012987012991,,152.0,150.0,,,,,152.0,152.0,150.0
BRN,2025,124.0,,0.046511627906976716,,123.0,127.0,124.0,,,,,122.0,
BWA,2020,110.0,,0.22142857142857142,0.016,,,,100.0,134.0,135.0,75.0,,
BWA,2021,129.0,,0.16883116883116878,0.01,,,,,138.0,143.0,22.0,,
BWA,2022,129.0,,0.11724137931034484,,135.0,138.0,,,,,51.0,135.0,138.0
BWA,2023,144.0,,0.0714285714285714,,144.0,141.0,,,,,132.0,147.0,141.0
BWA,2024,151.0,,0.0,,150.0,148.0,,,,,,145.0,154.0
BWA,2025,130.0,,0.0,,131.0,128.0,131.0,,,,,131.0,
CAN,2020,24.0,,0.8357142857142857,0.196,,,,45.0,31.0,28.0,37.0,,
CAN,2021,31.0,,0.8051948051948052,0.09,,,,,20.0,19.0,103.0,,
CAN,2022,22.0,,0.8551724137931034,,28.0,14.0,,,,,96.0,28.0,8.0
CAN,2023,19.0,,0.8831168831168831,,25.0,14.0,,,,,62.0,23.0,14.0
CAN,2024,18.0,,0.8866666666666667,,22.0,16.0,,,,,,26.0,15.0
CAN,2025,27.0,,0.7984496124031008,,29.0,27.0,23.0,,,,,37.0,
CHE,2020,61.0,,0.5714285714285714,0.08,,,,20.0,69.0,55.0,85.0,,
CHE,2021,72.0,,0.538961038961039,0.04,,,,,56.0,43.0,112.0,,
CHE,2022,66.0,,0.5517241379310345,,57.0,36.0,,,,,76.0,57.0,38.0
CHE,2023,63.0,,0.5974025974025974,,71.0,36.0,,,,,90.0,85.0,36.0
CHE,2024,55.0,,0.64,,67.0,47.0,,,,,,81.0,47.0
CHE,2025,58.0,,0.5581395348837209,,64.0,43.0,51.0,,,,,84.0,
CHL,2020,34.0,,0.7642857142857142,0.147,,,,64.0,47.0,45.0,29.0,,
CHL,2021,47.0,,0.7012987012987013,0.06,,,,,55.0,54.0,43.0,,
CHL,2022,56.0,,0.6206896551724138,,58.0,37.0,,,,,53.0,58.0,40.0
CHL,2023,68.0,,0.564935064935065,,66.0,69.0,,,,,76.0,65.0,69.0
CHL,2024,52.0,,0.6599999999999999,,55.0,60.0,,,,,,55.0,58.0
CHL,2025,54.0,,0.5891472868217054,,58.0,59.0,59.0,,,,,58.0,
CHN,2020,4.0,,0.9785714285714285,0.672,,,,95.0,1.0,1.0,53.0,,
CHN,2021,13.0,,0.922077922077922,0.16,,,,,1.0,1.0,155.0,,
CHN,2022,10.0,,0.9379310344827586,,2.0,6.0,,,,,144.0,2.0,4.0
CHN,2023,11.0,,0.935064935064935,,10.0,23.0,,,,,13.0,5.0,23.0
CHN,2024,20.0,,0.8733333333333333,,20.0,24.0,,,,,,18.0,22.0
CHN,2025,35.0,,0.7364341085271318,,31.0,62.0,35.0,,,,,25.0,
CIV,2020,94.0,,0.33571428571428574,0.036,,,,123.0,52.0,79.0,95.0,,
CIV,2021,54.0,,0.6558441558441559,0.05,,,,,50.0,50.0,73.0,,
CIV,2022,57.0,,0.6137931034482759,,76.0,78.0,,,,,23.0,76.0,64.0
CIV,2023,65.0,,0.5844155844155844,,85.0,78.0,,,,,46.0,73.0,78.0
CIV,2024,108.0,,0.2866666666666666,,98.0,114.0,,,,,,92.0,110.0
CIV,2025,95.0,,0.2713178294573644,,98.0,90.0,96.0,,,,,98.0,
CMR,2020,55.0,,0.6142857142857143,0.085,,,,106.0,39.0,76.0,45.0,,
CMR,2021,27.0,,0.8311688311688312,0.09,,,,,60.0,86.0,5.0,,
CMR,2022,74.0,,0.496551724137931,,102.0,79.0,,,,,12.0,102.0,102.0
CMR,2023,42.0,,0.7337662337662338,,70.0,51.0,,,,,7.0,71.0,51.0
CMR,2024,119.0,,0.21333333333333337,,95.0,139.0,,,,,,86.0,125.0
CMR,2025,77.0,,0.4108527131782945,,33.0,107.0,25.0,,,,,107.0,
COD,2020,106.0,,0.25,0.02,,,,140.0,50.0,46.0,123.0,,
COD,2021,32.0,,0.7987012987012987,0.08,,,,,31.0,69.0,31.0,,
COD,2022,79.0,,0.4620689655172414,,80.0,46.0,,,,,98.0,80.0,28.0
COD,2023,130.0,,0.16233766233766234,,96.0,145.0,,,,,10.0,75.0,145.0
COD,2024,48.0,,0.6866666666666666,,90.0,28.0,,,,,,87.0,27.0
COG,2022,125.0,,0.1448275862068965,,120.0,146.0,,,,,108.0,120.0,142.0
COG,2024,149.0,,0.013333333333333308,,147.0,151.0,,,,,,142.0,144.0
COL,2020,9.0,,0.9428571428571428,0.444,,,,61.0,18.0,25.0,4.0,,
COL,2021,11.0,,0.935064935064935,0.19,,,,,23.0,27.0,12.0,,
COL,2022,15.0,,0.903448275862069,,23.0,27.0,,,,,10.0,23.0,29.0
COL,2023,32.0,,0.7987012987012987,,24.0,46.0,,,,,16.0,24.0,46.0
COL,2024,36.0,,0.7666666666666666,,23.0,45.0,,,,,,22.0,54.0
COL,2025,29.0,,0.7829457364341086,,28.0,36.0,30.0,,,,,26.0,
CPV,2020,,Among lowest,0.0,0.0,,,,147.0,149.0,151.0,,,
CPV,2021,149.0,,0.038961038961038974,0.0,,,,,147.0,145.0,136.0,,
CPV,2023,154.0,,0.00649350649350644,,153.0,154.0,,,,,140.0,153.0,154.0
CRI,2020,79.0,,0.44285714285714284,0.052,,,,74.0,100.0,113.0,49.0,,
CRI,2021,75.0,,0.5194805194805194,0.04,,,,,106.0,85.0,36.0,,
CRI,2022,65.0,,0.5586206896551724,,86.0,84.0,,,,,16.0,86.0,80.0
CRI,2023,92.0,,0.40909090909090906,,84.0,86.0,,,,,103.0,100.0,86.0
CRI,2024,90.0,,0.4066666666666666,,94.0,83.0,,,,,,91.0,82.0
CRI,2025,86.0,,0.3410852713178295,,97.0,83.0,98.0,,,,,92.0,
CUB,2021,135.0,,0.1298701298701299,0.01,,,,,125.0,127.0,148.0,,
CUB,2023,136.0,,0.12337662337662336,,132.0,134.0,,,,,136.0,126.0,134.0
CYP,2020,70.0,,0.5071428571428571,0.067,,,,16.0,122.0,108.0,40.0,,
CYP,2021,111.0,,0.2857142857142857,0.02,,,,,119.0,114.0,63.0,,
CYP,2022,110.0,,0.24827586206896557,,118.0,103.0,,,,,40.0,118.0,104.0
CYP,2023,123.0,,0.20779220779220775,,118.0,110.0,,,,,145.0,121.0,110.0
CYP,2024,107.0,,0.29333333333333333,,117.0,101.0,,,,,,112.0,99.0
CYP,2025,105.0,,0.1937984496124031,,110.0,91.0,110.0,,,,,111.0,
CZE,2020,47.0,,0.6714285714285715,0.114,,,,12.0,40.0,30.0,96.0,,
CZE,2021,60.0,,0.6168831168831168,0.05,,,,,44.0,44.0,106.0,,
CZE,2022,62.0,,0.5793103448275863,,52.0,44.0,,,,,89.0,52.0,48.0
CZE,2023,62.0,,0.6038961038961039,,59.0,44.0,,,,,93.0,60.0,44.0
CZE,2024,51.0,,0.6666666666666667,,52.0,55.0,,,,,,65.0,59.0
CZE,2025,62.0,,0.5271317829457365,,67.0,56.0,62.0,,,,,71.0,
DEU,2020,33.0,,0.7714285714285715,0.147,,,,63.0,24.0,21.0,79.0,,
DEU,2021,49.0,,0.6883116883116883,0.06,,,,,24.0,20.0,143.0,,
DEU,2022,21.0,,0.8620689655172413,,22.0,15.0,,,,,114.0,22.0,10.0
DEU,2023,26.0,,0.8376623376623377,,23.0,25.0,,,,,60.0,26.0,25.0
DEU,2024,21.0,,0.8666666666666667,,21.0,23.0,,,,,,30.0,21.0
DEU,2025,21.0,,0.8449612403100775,,22.0,18.0,18.0,,,,,31.0,
DNK,2020,85.0,,0.4,0.042,,,,37.0,98.0,96.0,91.0,,
DNK,2021,109.0,,0.2987012987012987,0.02,,,,,99.0,89.0,119.0,,
DNK,2022,116.0,,0.2068965517241379,,116.0,69.0,,,,,72.0,116.0,100.0
DNK,2023,112.0,,0.27922077922077926,,104.0,106.0,,,,,138.0,105.0,106.0
DNK,2024,103.0,,0.31999999999999995,,106.0,87.0,,,,,,114.0,95.0
DNK,2025,84.0,,0.3565891472868217,,96.0,70.0,91.0,,,,,106.0,
DOM,2020,58.0,,0.5928571428571429,0.083,,,,82.0,73.0,88.0,30.0,,
DOM,2021,51.0,,0.6753246753246753,0.05,,,,,76.0,81.0,25.0,,
DOM,2022,43.0,,0.7103448275862069,,64.0,87.0,,,,,13.0,64.0,74.0
DOM,2023,71.0,,0.5454545454545454,,63.0,96.0,,,,,45.0,58.0,96.0
DOM,2024,93.0,,0.3866666666666667,,68.0,113.0,,,,,,71.0,102.0
DOM,2025,88.0,,0.32558139534883723,,84.0,93.0,86.0,,,,,81.0,
DZA,2020,,Among lowest,0.0,0.0,,,,98.0,41.0,34.0,,,
DZA,2021,45.0,,0.7142857142857143,0.06,,,,,36.0,48.0,77.0,,
DZA,2022,45.0,,0.6965517241379311,,34.0,50.0,,,,,100.0,34.0,43.0
DZA,2023,47.0,,0.7012987012987013,,36.0,84.0,,,,,43.0,31.0,84.0
DZA,2024,43.0,,0.72,,34.0,46.0,,,,,,29.0,53.0
DZA,2025,47.0,,0.6434108527131783,,49.0,53.0,56.0,,,,,42.0,
ECU,2020,31.0,,0.7857142857142857,0.157,,,,92.0,53.0,67.0,5.0,,
ECU,2021,35.0,,0.7792207792207793,0.07,,,,,59.0,59.0,21.0,,
ECU,2022,18.0,,0.8827586206896552,,37.0,45.0,,,,,6.0,37.0,56.0
ECU,2023,43.0,,0.7272727272727273,,47.0,57.0,,,,,22.0,45.0,57.0
ECU,2024,67.0,,0.56,,49.0,75.0,,,,,,45.0,109.0
ECU,2025,43.0,,0.6744186046511628,,43.0,61.0,48.0,,,,,38.0,
EGY,2020,64.0,,0.55,0.074,,,,116.0,37.0,40.0,83.0,,
EGY,2021,59.0,,0.6233766233766234,0.05,,,,,43.0,49.0,97.0,,
EGY,2022,24.0,,0.8413793103448276,,15.0,57.0,,,,,110.0,15.0,47.0
EGY,2023,35.0,,0.7792207792207793,,29.0,50.0,,,,,24.0,29.0,50.0
EGY,2024,44.0,,0.7133333333333334,,32.0,52.0,,,,,,32.0,60.0
EGY,2025,26.0,,0.8062015503875969,,26.0,34.0,29.0,,,,,19.0,
ESP,2020,37.0,,0.7428571428571429,0.138,,,,56.0,33.0,29.0,66.0,,
ESP,2021,48.0,,0.6948051948051948,0.06,,,,,27.0,25.0,125.0,,
ESP,2022,34.0,,0.7724137931034483,,27.0,24.0,,,,,99.0,27.0,26.0
ESP,2023,22.0,,0.8636363636363636,,28.0,13.0,,,,,63.0,32.0,13.0
ESP,2024,25.0,,0.84,,29.0,20.0,,,,,,36.0,18.0
ESP,2025,31.0,,0.7674418604651163,,35.0,23.0,31.0,,,,,39.0,
EST,2020,41.0,,0.7142857142857143,0.13,,,,2.0,92.0,94.0,20.0,,
EST,2021,77.0,,0.5064935064935066,0.03,,,,,92.0,100.0,46.0,,
EST,2022,82.0,,0.4413793103448276,,95.0,60.0,,,,,38.0,95.0,75.0
EST,2023,107.0,,0.3116883116883117,,102.0,83.0,,,,,139.0,92.0,83.0
EST,2024,89.0,,0.41333333333333333,,96.0,78.0,,,,,,82.0,91.0
EST,2025,96.0,,0.26356589147286824,,102.0,82.0,101.0,,,,,108.0,
ETH,2020,122.0,,0.13571428571428568,0.009,,,,150.0,64.0,63.0,131.0,,
ETH,2021,112.0,,0.27922077922077926,0.02,,,,,104.0,115.0,84.0,,
ETH,2022,64.0,,0.5655172413793104,,62.0,66.0,,,,,67.0,62.0,46.0
ETH,2023,36.0,,0.7727272727272727,,39.0,71.0,,,,,8.0,38.0,71.0
ETH,2024,26.0,,0.8333333333333334,,30.0,26.0,,,,,,24.0,32.0
ETH,2025,12.0,,0.9147286821705426,,19.0,7.0,20.0,,,,,16.0,
FIN,2020,56.0,,0.6071428571428572,0.085,,,,26.0,88.0,78.0,57.0,,
FIN,2021,87.0,,0.4415584415584416,0.03,,,,,72.0,68.0,101.0,,
FIN,2022,88.0,,0.4,,78.0,65.0,,,,,97.0,78.0,79.0
FIN,2023,99.0,,0.36363636363636365,,97.0,80.0,,,,,123.0,97.0,80.0
FIN,2024,83.0,,0.45333333333333337,,91.0,59.0,,,,,,102.0,80.0
FIN,2025,65.0,,0.5038759689922481,,76.0,42.0,72.0,,,,,85.0,
FJI,2020,,Among lowest,0.0,0.0,,,,146.0,151.0,150.0,,,
FJI,2021,146.0,,0.058441558441558406,0.0,,,,,150.0,153.0,65.0,,
FJI,2022,140.0,,0.04137931034482756,,143.0,143.0,,,,,58.0,143.0,145.0
FJI,2023,152.0,,0.01948051948051943,,142.0,152.0,,,,,137.0,139.0,152.0
FJI,2024,143.0,,0.053333333333333344,,142.0,136.0,,,,,,151.0,137.0
FRA,2020,21.0,,0.8571428571428572,0.208,,,,49.0,25.0,18.0,55.0,,
FRA,2021,34.0,,0.7857142857142857,0.08,,,,,18.0,17.0,123.0,,
FRA,2022,32.0,,0.7862068965517242,,26.0,16.0,,,,,101.0,26.0,20.0
FRA,2023,23.0,,0.8571428571428572,,26.0,21.0,,,,,55.0,28.0,21.0
FRA,2024,22.0,,0.86,,26.0,21.0,,,,,,33.0,19.0
FRA,2025,22.0,,0.8372093023255813,,24.0,19.0,22.0,,,,,30.0,
GAB,2020,137.0,,0.02857142857142858,0.003,,,,138.0,144.0,144.0,119.0,,
GAB,2021,150.0,,0.03246753246753242,0.0,,,,,149.0,149.0,116.0,,
GAB,2022,138.0,,0.05517241379310345,,136.0,133.0,,,,,106.0,136.0,136.0
GAB,2023,150.0,,0.03246753246753242,,151.0,148.0,,,,,120.0,150.0,148.0
GBR,2020,14.0,,0.9071428571428571,0.333,,,,42.0,19.0,15.0,17.0,,
GBR,2021,21.0,,0.8701298701298701,0.13,,,,,15.0,12.0,94.0,,
GBR,2022,17.0,,0.8896551724137931,,14.0,12.0,,,,,71.0,14.0,11.0
GBR,2023,14.0,,0.9155844155844156,,15.0,8.0,,,,,38.0,20.0,8.0
GBR,2024,12.0,,0.9266666666666666,,12.0,9.0,,,,,,21.0,8.0
GBR,2025,11.0,,0.9224806201550387,,12.0,12.0,9.0,,,,,27.0,
GEO,2020,30.0,,0.7928571428571428,0.17,,,,18.0,58.0,50.0,21.0,,
GEO,2021,56.0,,0.6428571428571428,0.05,,,,,66.0,79.0,38.0,,
GEO,2022,37.0,,0.7517241379310344,,47.0,53.0,,,,,33.0,47.0,52.0
GEO,2023,52.0,,0.6688311688311688,,51.0,39.0,,,,,91.0,50.0,39.0
GEO,2024,54.0,,0.6466666666666667,,74.0,53.0,,,,,,64.0,55.0
GEO,2025,57.0,,0.5658914728682171,,70.0,46.0,73.0,,,,,60.0,
GHA,2020,27.0,,0.8142857142857143,0.18,,,,87.0,23.0,44.0,19.0,,
GHA,2021,17.0,,0.8961038961038961,0.14,,,,,37.0,32.0,10.0,,
GHA,2022,49.0,,0.6689655172413793,,66.0,68.0,,,,,14.0,66.0,58.0
GHA,2023,29.0,,0.8181818181818181,,31.0,74.0,,,,,4.0,30.0,74.0
GHA,2024,46.0,,0.7,,33.0,67.0,,,,,,35.0,57.0
GHA,2025,40.0,,0.6976744186046512,,40.0,44.0,40.0,,,,,34.0,
GIN,2023,106.0,,0.31818181818181823,,131.0,73.0,,,,,78.0,129.0,73.0
GIN,2024,140.0,,0.07333333333333336,,135.0,144.0,,,,,,131.0,140.0
GRC,2020,57.0,,0.6,0.084,,,,48.0,68.0,65.0,62.0,,
GRC,2021,91.0,,0.4155844155844156,0.03,,,,,63.0,61.0,121.0,,
GRC,2022,85.0,,0.42068965517241375,,68.0,59.0,,,,,117.0,68.0,53.0
GRC,2023,76.0,,0.512987012987013,,69.0,61.0,,,,,104.0,72.0,61.0
GRC,2024,61.0,,0.6,,69.0,65.0,,,,,,76.0,65.0
GRC,2025,70.0,,0.4651162790697675,,74.0,65.0,76.0,,,,,70.0,
GTM,2020,91.0,,0.3571428571428571,0.039,,,,131.0,81.0,74.0,72.0,,
GTM,2021,83.0,,0.4675324675324676,0.03,,,,,85.0,94.0,64.0,,
GTM,2022,69.0,,0.5310344827586206,,65.0,111.0,,,,,57.0,65.0,107.0
GTM,2023,104.0,,0.3311688311688312,,87.0,100.0,,,,,126.0,76.0,100.0
GTM,2024,120.0,,0.20666666666666667,,99.0,134.0,,,,,,95.0,132.0
GTM,2025,71.0,,0.45736434108527135,,82.0,51.0,84.0,,,,,76.0,
GUY,2020,141.0,,0.0,0.0,,,,152.0,152.0,153.0,134.0,,
GUY,2021,153.0,,0.012987012987012991,0.0,,,,,155.0,156.0,108.0,,
GUY,2022,142.0,,0.02758620689655178,,142.0,142.0,,,,,126.0,142.0,143.0
GUY,2023,155.0,,0.0,,154.0,153.0,,,,,154.0,154.0,153.0
HND,2020,116.0,,0.1785714285714286,0.013,,,,130.0,123.0,125.0,100.0,,
HND,2021,58.0,,0.6298701298701299,0.05,,,,,96.0,24.0,78.0,,
HND,2022,90.0,,0.38620689655172413,,84.0,4.0,,,,,73.0,84.0,54.0
HND,2023,105.0,,0.3246753246753247,,99.0,109.0,,,,,97.0,90.0,109.0
HND,2024,115.0,,0.24,,87.0,131.0,,,,,,107.0,123.0
HND,2025,103.0,,0.2093023255813954,,106.0,101.0,108.0,,,,,94.0,
HRV,2020,77.0,,0.4571428571428572,0.054,,,,28.0,80.0,72.0,94.0,,
HRV,2021,85.0,,0.4545454545454546,0.03,,,,,67.0,77.0,96.0,,
HRV,2022,103.0,,0.29655172413793107,,91.0,80.0,,,,,93.0,91.0,84.0
HRV,2023,102.0,,0.3441558441558441,,91.0,95.0,,,,,109.0,93.0,95.0
HRV,2024,91.0,,0.4,,85.0,90.0,,,,,,96.0,84.0
HRV,2025,85.0,,0.34883720930232553,,90.0,85.0,90.0,,,,,91.0,
HTI,2020,128.0,,0.09285714285714286,0.006,,,,148.0,125.0,130.0,121.0,,
HTI,2021,120.0,,0.2272727272727273,0.01,,,,,121.0,122.0,74.0,,
HTI,2022,132.0,,0.096551724137931,,110.0,128.0,,,,,145.0,110.0,133.0
HTI,2023,87.0,,0.4415584415584416,,103.0,101.0,,,,,42.0,113.0,101.0
HTI,2024,129.0,,0.1466666666666666,,83.0,147.0,,,,,,68.0,141.0
HUN,2020,87.0,,0.3857142857142857,0.041,,,,51.0,75.0,62.0,113.0,,
HUN,2021,102.0,,0.3441558441558441,0.02,,,,,78.0,72.0,128.0,,
HUN,2022,91.0,,0.3793103448275862,,79.0,81.0,,,,,112.0,79.0,73.0
HUN,2023,73.0,,0.5324675324675325,,79.0,47.0,,,,,96.0,77.0,47.0
HUN,2024,60.0,,0.6066666666666667,,65.0,64.0,,,,,,73.0,66.0
HUN,2025,66.0,,0.49612403100775193,,73.0,60.0,75.0,,,,,68.0,
IDN,2020,32.0,,0.7785714285714286,0.151,,,,75.0,12.0,11.0,103.0,,
IDN,2021,25.0,,0.8441558441558441,0.1,,,,,14.0,16.0,111.0,,
IDN,2022,20.0,,0.8689655172413793,,16.0,18.0,,,,,129.0,16.0,13.0
IDN,2023,7.0,,0.961038961038961,,13.0,5.0,,,,,14.0,13.0,5.0
IDN,2024,3.0,,0.9866666666666667,,6.0,1.0,,,,,,6.0,1.0
IDN,2025,7.0,,0.9534883720930233,,7.0,4.0,7.0,,,,,9.0,
IND,2020,11.0,,0.9285714285714286,0.395,,,,129.0,3.0,3.0,32.0,,
IND,2021,2.0,,0.9935064935064936,0.37,,,,,3.0,2.0,72.0,,
IND,2022,4.0,,0.9793103448275862,,1.0,1.0,,,,,82.0,1.0,1.0
IND,2023,1.0,,1.0,,1.0,1.0,,,,,5.0,1.0,1.0
IND,2024,1.0,,1.0,,1.0,3.0,,,,,,1.0,2.0
IND,2025,1.0,,1.0,,1.0,1.0,1.0,,,,,1.0,
IRL,2020,69.0,,0.5142857142857142,0.071,,,,23.0,108.0,101.0,48.0,,
IRL,2021,118.0,,0.24025974025974028,0.01,,,,,108.0,98.0,132.0,,
IRL,2022,124.0,,0.15172413793103445,,117.0,67.0,,,,,120.0,117.0,95.0
IRL,2023,115.0,,0.2597402597402597,,115.0,94.0,,,,,131.0,125.0,94.0
IRL,2024,102.0,,0.32666666666666666,,102.0,86.0,,,,,,118.0,98.0
IRL,2025,91.0,,0.3023255813953488,,99.0,79.0,95.0,,,,,105.0,
IRN,2020,52.0,,0.6357142857142857,0.092,,,,102.0,28.0,20.0,92.0,,
IRN,2021,55.0,,0.6493506493506493,0.05,,,,,19.0,33.0,141.0,,
IRN,2023,28.0,,0.8246753246753247,,33.0,31.0,,,,,57.0,14.0,31.0
IRN,2024,130.0,,0.14,,148.0,109.0,,,,,,144.0,111.0
IRQ,2020,131.0,,0.0714285714285714,0.005,,,,144.0,117.0,92.0,138.0,,
IRQ,2021,121.0,,0.22077922077922074,0.01,,,,,98.0,84.0,150.0,,
IRQ,2022,52.0,,0.6482758620689655,,24.0,98.0,,,,,130.0,24.0,101.0
IRQ,2023,64.0,,0.5909090909090908,,60.0,98.0,,,,,27.0,64.0,98.0
IRQ,2024,69.0,,0.5466666666666666,,56.0,91.0,,,,,,46.0,85.0
IRQ,2025,44.0,,0.6666666666666667,,50.0,45.0,55.0,,,,,40.0,
ISL,2020,120.0,,0.15000000000000002,0.01,,,,32.0,141.0,140.0,110.0,,
ISL,2021,147.0,,0.051948051948051965,0.0,,,,,144.0,144.0,145.0,,
ISL,2022,139.0,,0.0482758620689655,,141.0,129.0,,,,,77.0,141.0,129.0
ISL,2023,151.0,,0.025974025974025983,,146.0,133.0,,,,,153.0,149.0,133.0
ISL,2024,142.0,,0.06000000000000005,,143.0,135.0,,,,,,148.0,143.0
ISL,2025,118.0,,0.09302325581395354,,119.0,108.0,118.0,,,,,120.0,
ISR,2020,96.0,,0.3214285714285714,0.033,,,,52.0,85.0,80.0,116.0,,
ISR,2021,99.0,,0.36363636363636365,0.02,,,,,86.0,64.0,114.0,,
ISR,2022,111.0,,0.24137931034482762,,101.0,77.0,,,,,105.0,101.0,65.0
ISR,2023,75.0,,0.5194805194805194,,76.0,56.0,,,,,94.0,79.0,56.0
ISR,2024,70.0,,0.54,,89.0,61.0,,,,,,89.0,63.0
ISR,2025,72.0,,0.4496124031007752,,75.0,69.0,74.0,,,,,78.0,
ITA,2020,49.0,,0.6571428571428571,0.109,,,,71.0,36.0,31.0,78.0,,
ITA,2021,79.0,,0.49350649350649356,0.03,,,,,34.0,31.0,151.0,,
ITA,2022,51.0,,0.6551724137931034,,32.0,30.0,,,,,132.0,32.0,27.0
ITA,2023,37.0,,0.7662337662337663,,34.0,28.0,,,,,72.0,37.0,28.0
ITA,2024,37.0,,0.76,,38.0,37.0,,,,,,37.0,37.0
ITA,2025,36.0,,0.7286821705426356,,37.0,35.0,38.0,,,,,36.0,
JAM,2020,92.0,,0.35,0.038,,,,68.0,96.0,114.0,84.0,,
JAM,2021,81.0,,0.48051948051948057,0.03,,,,,111.0,110.0,15.0,,
JAM,2022,54.0,,0.6344827586206896,,97.0,100.0,,,,,4.0,97.0,98.0
JAM,2023,93.0,,0.4025974025974026,,98.0,113.0,,,,,50.0,103.0,113.0
JAM,2024,104.0,,0.31333333333333335,,109.0,97.0,,,,,,109.0,89.0
JAM,2025,92.0,,0.2945736434108527,,101.0,87.0,102.0,,,,,87.0,
JOR,2020,95.0,,0.3285714285714286,0.033,,,,114.0,90.0,87.0,89.0,,
JOR,2021,97.0,,0.37662337662337664,0.02,,,,,84.0,91.0,91.0,,
JOR,2022,68.0,,0.5379310344827586,,60.0,88.0,,,,,68.0,60.0,78.0
JOR,2023,66.0,,0.577922077922078,,54.0,87.0,,,,,68.0,47.0,87.0
JOR,2024,84.0,,0.44666666666666666,,54.0,110.0,,,,,,42.0,107.0
JOR,2025,30.0,,0.7751937984496124,,42.0,11.0,45.0,,,,,35.0,
JPN,2020,71.0,,0.5,0.065,,,,122.0,32.0,16.0,106.0,,
JPN,2021,82.0,,0.474025974025974,0.03,,,,,26.0,28.0,158.0,,
JPN,2022,26.0,,0.8275862068965517,,20.0,17.0,,,,,143.0,20.0,9.0
JPN,2023,18.0,,0.8896103896103896,,22.0,18.0,,,,,49.0,21.0,18.0
JPN,2024,23.0,,0.8533333333333333,,24.0,29.0,,,,,,20.0,25.0
JPN,2025,19.0,,0.8604651162790697,,20.0,16.0,27.0,,,,,17.0,
KAZ,2020,67.0,,0.5285714285714286,0.072,,,,84.0,74.0,61.0,60.0,,
KAZ,2021,103.0,,0.33766233766233766,0.02,,,,,70.0,75.0,138.0,,
KAZ,2022,61.0,,0.5862068965517242,,44.0,73.0,,,,,115.0,44.0,59.0
KAZ,2023,46.0,,0.7077922077922079,,41.0,40.0,,,,,81.0,35.0,40.0
KAZ,2024,57.0,,0.6266666666666667,,47.0,79.0,,,,,,41.0,76.0
KAZ,2025,55.0,,0.5813953488372092,,60.0,57.0,65.0,,,,,56.0,
KEN,2020,5.0,,0.9714285714285714,0.645,,,,57.0,11.0,37.0,1.0,,
KEN,2021,5.0,,0.974025974025974,0.28,,,,,28.0,41.0,1.0,,
KEN,2022,19.0,,0.8758620689655172,,43.0,9.0,,,,,5.0,43.0,34.0
KEN,2023,21.0,,0.8701298701298701,,20.0,55.0,,,,,3.0,34.0,55.0
KEN,2024,28.0,,0.8200000000000001,,31.0,32.0,,,,,,27.0,29.0
KEN,2025,25.0,,0.813953488372093,,21.0,32.0,21.0,,,,,22.0,
KGZ,2020,123.0,,0.12857142857142856,0.008,,,,85.0,84.0,71.0,141.0,,
KGZ,2021,70.0,,0.551948051948052,0.04,,,,,57.0,55.0,92.0,,
KGZ,2022,77.0,,0.4758620689655172,,73.0,51.0,,,,,84.0,73.0,37.0
KGZ,2023,72.0,,0.538961038961039,,64.0,42.0,,,,,122.0,54.0,42.0
KGZ,2024,76.0,,0.5,,59.0,74.0,,,,,,58.0,105.0
KGZ,2025,60.0,,0.5426356589147288,,57.0,73.0,54.0,,,,,59.0,
KHM,2020,89.0,,0.37142857142857144,0.04,,,,111.0,51.0,49.0,111.0,,
KHM,2021,42.0,,0.7337662337662338,0.07,,,,,53.0,62.0,29.0,,
KHM,2022,27.0,,0.8206896551724138,,38.0,29.0,,,,,28.0,38.0,23.0
KHM,2023,30.0,,0.8116883116883117,,45.0,17.0,,,,,56.0,43.0,17.0
KHM,2024,17.0,,0.8933333333333333,,10.0,35.0,,,,,,9.0,23.0
KHM,2025,33.0,,0.751937984496124,,30.0,47.0,32.0,,,,,28.0,
KOR,2020,17.0,,0.8857142857142857,0.246,,,,24.0,10.0,8.0,97.0,,
KOR,2021,40.0,,0.7467532467532467,0.07,,,,,13.0,13.0,153.0,,
KOR,2022,23.0,,0.8482758620689655,,11.0,28.0,,,,,141.0,11.0,22.0
KOR,2023,27.0,,0.8311688311688312,,16.0,29.0,,,,,75.0,16.0,29.0
KOR,2024,19.0,,0.88,,15.0,33.0,,,,,,14.0,33.0
KOR,2025,15.0,,0.8914728682170543,,11.0,24.0,13.0,,,,,12.0,
KWT,2020,103.0,,0.27142857142857146,0.021,,,,94.0,129.0,122.0,76.0,,
KWT,2021,132.0,,0.14935064935064934,0.01,,,,,126.0,123.0,142.0,,
KWT,2023,116.0,,0.2532467532467533,,119.0,93.0,,,,,130.0,122.0,93.0
KWT,2024,123.0,,0.18666666666666665,,130.0,122.0,,,,,,125.0,119.0
KWT,2025,99.0,,0.24031007751937983,,105.0,88.0,105.0,,,,,104.0,
LAO,2020,,Among lowest,0.0,0.0,,,,67.0,82.0,97.0,,,
LAO,2021,78.0,,0.5,0.03,,,,,91.0,93.0,53.0,,
LAO,2022,86.0,,0.4137931034482759,,88.0,83.0,,,,,59.0,88.0,86.0
LAO,2023,51.0,,0.6753246753246753,,49.0,35.0,,,,,106.0,40.0,35.0
LAO,2024,86.0,,0.43333333333333335,,70.0,88.0,,,,,,72.0,108.0
LAO,2025,125.0,,0.03875968992248058,,126.0,120.0,126.0,,,,,126.0,
LBN,2020,114.0,,0.19285714285714284,0.013,,,,120.0,119.0,118.0,115.0,,
LBN,2021,68.0,,0.564935064935065,0.04,,,,,109.0,21.0,95.0,,
LBN,2022,89.0,,0.3931034482758621,,90.0,2.0,,,,,56.0,90.0,72.0
LBN,2023,109.0,,0.2987012987012987,,101.0,118.0,,,,,83.0,96.0,118.0
LBR,2024,125.0,,0.17333333333333334,,118.0,137.0,,,,,,116.0,124.0
LBY,2020,,Among lowest,0.0,0.0,,,,107.0,132.0,127.0,,,
LBY,2021,108.0,,0.30519480519480524,0.02,,,,,118.0,112.0,59.0,,
LBY,2022,131.0,,0.10344827586206895,,125.0,125.0,,,,,137.0,125.0,122.0
LBY,2023,119.0,,0.23376623376623373,,125.0,114.0,,,,,108.0,124.0,114.0
LBY,2024,100.0,,0.33999999999999997,,111.0,92.0,,,,,,105.0,86.0
LBY,2025,128.0,,0.015503875968992276,,130.0,125.0,129.0,,,,,129.0,
LCA,2022,123.0,,0.1586206896551724,,129.0,135.0,,,,,35.0,129.0,134.0
LKA,2020,78.0,,0.44999999999999996,0.053,,,,97.0,77.0,75.0,70.0,,
LKA,2021,53.0,,0.6623376623376623,0.05,,,,,80.0,74.0,32.0,,
LKA,2022,58.0,,0.6068965517241379,,59.0,54.0,,,,,48.0,59.0,63.0
LKA,2023,50.0,,0.6818181818181819,,48.0,54.0,,,,,66.0,41.0,54.0
LKA,2024,72.0,,0.5266666666666666,,53.0,102.0,,,,,,44.0,90.0
LKA,2025,48.0,,0.6356589147286822,,41.0,78.0,41.0,,,,,44.0,
LTU,2020,35.0,,0.7571428571428571,0.144,,,,9.0,78.0,64.0,25.0,,
LTU,2021,92.0,,0.40909090909090906,0.03,,,,,89.0,101.0,67.0,,
LTU,2022,102.0,,0.303448275862069,,93.0,92.0,,,,,86.0,93.0,90.0
LTU,2023,88.0,,0.43506493506493504,,88.0,66.0,,,,,121.0,94.0,66.0
LTU,2024,82.0,,0.45999999999999996,,92.0,70.0,,,,,,100.0,72.0
LTU,2025,87.0,,0.33333333333333337,,94.0,84.0,92.0,,,,,95.0,
LUX,2020,99.0,,0.30000000000000004,0.025,,,,13.0,139.0,139.0,58.0,,
LUX,2021,142.0,,0.08441558441558439,0.0,,,,,137.0,137.0,140.0,,
LUX,2022,136.0,,0.06896551724137934,,138.0,119.0,,,,,78.0,138.0,123.0
LUX,2023,128.0,,0.17532467532467533,,143.0,115.0,,,,,107.0,145.0,115.0
LUX,2024,122.0,,0.19333333333333336,,129.0,108.0,,,,,,139.0,114.0
LUX,2025,116.0,,0.10852713178294571,,117.0,100.0,111.0,,,,,118.0,
LVA,2020,22.0,,0.85,0.204,,,,1.0,61.0,56.0,22.0,,
LVA,2021,74.0,,0.525974025974026,0.04,,,,,82.0,92.0,56.0,,
LVA,2022,92.0,,0.37241379310344824,,98.0,96.0,,,,,55.0,98.0,92.0
LVA,2023,100.0,,0.3571428571428571,,78.0,64.0,,,,,148.0,91.0,64.0
LVA,2024,79.0,,0.48,,103.0,44.0,,,,,,106.0,75.0
LVA,2025,81.0,,0.3798449612403101,,95.0,71.0,94.0,,,,,93.0,
MAR,2020,42.0,,0.7071428571428571,0.127,,,,108.0,35.0,35.0,39.0,,
MAR,2021,24.0,,0.8506493506493507,0.1,,,,,35.0,34.0,35.0,,
MAR,2022,14.0,,0.9103448275862069,,19.0,33.0,,,,,21.0,19.0,18.0
MAR,2023,20.0,,0.8766233766233766,,27.0,26.0,,,,,21.0,25.0,26.0
MAR,2024,27.0,,0.8266666666666667,,25.0,41.0,,,,,,19.0,36.0
MAR,2025,24.0,,0.8217054263565892,,23.0,25.0,28.0,,,,,20.0,
MCO,2021,136.0,,0.12337662337662336,0.01,,,,,152.0,147.0,19.0,,
MDA,2020,88.0,,0.37857142857142856,0.04,,,,22.0,70.0,68.0,120.0,,
MDA,2021,50.0,,0.6818181818181819,0.06,,,,,61.0,57.0,48.0,,
MDA,2022,41.0,,0.7241379310344828,,49.0,72.0,,,,,27.0,49.0,88.0
MDA,2023,60.0,,0.6168831168831168,,52.0,63.0,,,,,77.0,48.0,63.0
MDA,2024,59.0,,0.6133333333333333,,37.0,94.0,,,,,,38.0,88.0
MDA,2025,68.0,,0.48062015503875966,,69.0,75.0,69.0,,,,,66.0,
MDG,2020,108.0,,0.23571428571428577,0.018,,,,126.0,76.0,84.0,122.0,,
MDG,2021,66.0,,0.577922077922078,0.04,,,,,64.0,97.0,50.0,,
MDG,2022,98.0,,0.3310344827586207,,71.0,124.0,,,,,123.0,71.0,115.0
MDG,2023,125.0,,0.19480519480519476,,93.0,138.0,,,,,53.0,95.0,138.0
MDG,2024,96.0,,0.3666666666666667,,115.0,82.0,,,,,,101.0,83.0
MDG,2025,126.0,,0.03100775193798455,,124.0,129.0,123.0,,,,,125.0,
MDV,2020,127.0,,0.09999999999999998,0.006,,,,110.0,145.0,147.0,82.0,,
MDV,2021,144.0,,0.0714285714285714,0.0,,,,,146.0,146.0,88.0,,
MDV,2022,134.0,,0.08275862068965523,,140.0,139.0,,,,,46.0,140.0,135.0
MDV,2023,141.0,,0.09090909090909094,,150.0,136.0,,,,,114.0,148.0,136.0
MDV,2024,126.0,,0.16666666666666663,,127.0,120.0,,,,,,124.0,126.0
MDV,2025,130.0,,0.0,,129.0,131.0,130.0,,,,,127.0,
MEX,2020,39.0,,0.7285714285714286,0.135,,,,101.0,22.0,26.0,65.0,,
MEX,2021,44.0,,0.7207792207792207,0.06,,,,,21.0,23.0,133.0,,
MEX,2022,28.0,,0.8137931034482758,,21.0,23.0,,,,,122.0,21.0,19.0
MEX,2023,16.0,,0.9025974025974026,,17.0,16.0,,,,,30.0,18.0,16.0
MEX,2024,14.0,,0.9133333333333333,,18.0,13.0,,,,,,17.0,10.0
MEX,2025,23.0,,0.8294573643410853,,27.0,20.0,24.0,,,,,24.0,
MKD,2020,102.0,,0.2785714285714286,0.022,,,,43.0,103.0,91.0,124.0,,
MKD,2021,123.0,,0.20779220779220775,0.01,,,,,112.0,118.0,102.0,,
MKD,2022,112.0,,0.23448275862068968,,111.0,97.0,,,,,63.0,111.0,87.0
MKD,2023,113.0,,0.2727272727272727,,112.0,89.0,,,,,147.0,109.0,89.0
MKD,2024,98.0,,0.3533333333333334,,108.0,98.0,,,,,,108.0,77.0
MKD,2025,110.0,,0.15503875968992253,,107.0,111.0,106.0,,,,,100.0,
MLI,2020,101.0,,0.2857142857142857,0.023,,,,137.0,114.0,112.0,69.0,,
MLI,2021,115.0,,0.2597402597402597,0.02,,,,,123.0,129.0,37.0,,
MLI,2022,97.0,,0.33793103448275863,,112.0,134.0,,,,,25.0,112.0,130.0
MLI,2023,124.0,,0.2012987012987013,,127.0,137.0,,,,,31.0,108.0,137.0
MLI,2024,150.0,,0.00666666666666671,,88.0,156.0,,,,,,122.0,152.0
MLT,2020,83.0,,0.41428571428571426,0.048,,,,3.0,131.0,129.0,50.0,,
MLT,2021,126.0,,0.18831168831168832,0.01,,,,,128.0,109.0,105.0,,
MLT,2022,127.0,,0.13103448275862073,,133.0,113.0,,,,,79.0,133.0,112.0
MLT,2023,139.0,,0.10389610389610393,,141.0,126.0,,,,,151.0,143.0,126.0
MLT,2024,135.0,,0.10666666666666669,,137.0,133.0,,,,,,138.0,133.0
MLT,2025,113.0,,0.13178294573643412,,118.0,80.0,119.0,,,,,117.0,
MMR,2020,136.0,,0.0357142857142857,0.003,,,,143.0,93.0,66.0,142.0,,
MMR,2021,116.0,,0.2532467532467533,0.02,,,,,97.0,104.0,129.0,,
MMR,2022,73.0,,0.503448275862069,,53.0,95.0,,,,,103.0,53.0,89.0
MMR,2023,53.0,,0.6623376623376623,,50.0,91.0,,,,,17.0,52.0,91.0
MMR,2024,78.0,,0.4866666666666667,,78.0,85.0,,,,,,78.0,71.0
MMR,2025,109.0,,0.16279069767441856,,47.0,124.0,50.0,,,,,48.0,
MNE,2020,74.0,,0.47857142857142854,0.06,,,,17.0,127.0,131.0,15.0,,
MNE,2021,130.0,,0.16233766233766234,0.01,,,,,129.0,128.0,90.0,,
MNE,2022,119.0,,0.18620689655172418,,126.0,115.0,,,,,41.0,126.0,110.0
MNE,2023,132.0,,0.14935064935064934,,129.0,124.0,,,,,149.0,132.0,124.0
MNE,2024,127.0,,0.16000000000000003,,136.0,117.0,,,,,,134.0,118.0
MNE,2025,104.0,,0.20155038759689925,,116.0,81.0,117.0,,,,,112.0,
MNG,2020,,Among lowest,0.0,0.0,,,,62.0,109.0,98.0,,,
MNG,2021,90.0,,0.42207792207792205,0.03,,,,,90.0,95.0,68.0,,
MNG,2022,84.0,,0.4275862068965517,,77.0,71.0,,,,,87.0,77.0,70.0
MNG,2023,86.0,,0.44805194805194803,,86.0,103.0,,,,,74.0,70.0,103.0
MNG,2024,124.0,,0.18000000000000005,,123.0,126.0,,,,,,121.0,127.0
MNG,2025,108.0,,0.1705426356589147,,109.0,99.0,107.0,,,,,113.0,
MOZ,2020,72.0,,0.4928571428571429,0.061,,,,128.0,60.0,83.0,35.0,,
MOZ,2021,37.0,,0.7662337662337663,0.07,,,,,62.0,35.0,45.0,,
MOZ,2022,60.0,,0.5931034482758621,,36.0,63.0,,,,,125.0,36.0,62.0
MOZ,2023,82.0,,0.474025974025974,,92.0,112.0,,,,,37.0,88.0,112.0
MOZ,2024,116.0,,0.23333333333333328,,132.0,115.0,,,,,,126.0,97.0
MOZ,2025,121.0,,0.06976744186046513,,121.0,119.0,121.0,,,,,121.0,
MRT,2024,144.0,,0.046666666666666634,,134.0,143.0,,,,,,129.0,148.0
MUS,2020,75.0,,0.4714285714285714,0.059,,,,6.0,115.0,106.0,71.0,,
MUS,2021,76.0,,0.512987012987013,0.04,,,,,115.0,103.0,16.0,,
MUS,2022,122.0,,0.16551724137931034,,130.0,82.0,,,,,30.0,130.0,120.0
MUS,2023,117.0,,0.24675324675324672,,138.0,62.0,,,,,110.0,141.0,62.0
MUS,2024,147.0,,0.026666666666666616,,126.0,150.0,,,,,,130.0,150.0
MUS,2025,119.0,,0.0852713178294574,,108.0,121.0,109.0,,,,,109.0,
MWI,2020,132.0,,0.06428571428571428,0.004,,,,153.0,142.0,142.0,41.0,,
MWI,2021,134.0,,0.13636363636363635,0.01,,,,,145.0,151.0,20.0,,
MWI,2022,137.0,,0.06206896551724139,,127.0,140.0,,,,,142.0,127.0,139.0
MWI,2023,91.0,,0.4155844155844156,,108.0,104.0,,,,,47.0,118.0,104.0
MWI,2024,136.0,,0.09999999999999998,,97.0,145.0,,,,,,77.0,146.0
MYS,2020,25.0,,0.8285714285714285,0.192,,,,47.0,27.0,38.0,36.0,,
MYS,2021,23.0,,0.8571428571428572,0.1,,,,,33.0,38.0,28.0,,
MYS,2022,29.0,,0.806896551724138,,42.0,38.0,,,,,31.0,42.0,32.0
MYS,2023,38.0,,0.7597402597402597,,42.0,37.0,,,,,40.0,51.0,37.0
MYS,2024,47.0,,0.6933333333333334,,51.0,57.0,,,,,,47.0,45.0
MYS,2025,42.0,,0.6821705426356589,,45.0,40.0,43.0,,,,,46.0,
NAM,2020,104.0,,0.26428571428571423,0.021,,,,79.0,111.0,128.0,99.0,,
NAM,2021,104.0,,0.3311688311688312,0.02,,,,,127.0,124.0,14.0,,
NAM,2022,126.0,,0.13793103448275867,,131.0,122.0,,,,,64.0,131.0,127.0
NAM,2023,140.0,,0.09740259740259738,,134.0,142.0,,,,,118.0,140.0,142.0
NAM,2024,132.0,,0.1266666666666667,,138.0,130.0,,,,,,141.0,128.0
NAM,2025,120.0,,0.07751937984496127,,120.0,106.0,120.0,,,,,119.0,
NER,2023,146.0,,0.058441558441558406,,149.0,146.0,,,,,59.0,144.0,146.0
NGA,2020,8.0,,0.95,0.459,,,,112.0,7.0,14.0,3.0,,
NGA,2021,6.0,,0.9675324675324676,0.26,,,,,10.0,15.0,18.0,,
NGA,2022,11.0,,0.9310344827586207,,18.0,20.0,,,,,17.0,18.0,17.0
NGA,2023,2.0,,0.9935064935064936,,3.0,4.0,,,,,1.0,2.0,4.0
NGA,2024,2.0,,0.9933333333333333,,5.0,2.0,,,,,,2.0,3.0
NGA,2025,6.0,,0.9612403100775194,,8.0,3.0,8.0,,,,,7.0,
NIC,2020,107.0,,0.24285714285714288,0.02,,,,103.0,107.0,111.0,112.0,,
NIC,2021,110.0,,0.29220779220779225,0.02,,,,,114.0,120.0,55.0,,
NIC,2022,99.0,,0.32413793103448274,,104.0,116.0,,,,,42.0,104.0,117.0
NIC,2023,94.0,,0.39610389610389607,,117.0,77.0,,,,,86.0,111.0,77.0
NIC,2024,114.0,,0.2466666666666667,,121.0,116.0,,,,,,119.0,112.0
NIC,2025,107.0,,0.17829457364341084,,100.0,116.0,99.0,,,,,99.0,
NLD,2020,26.0,,0.8214285714285714,0.183,,,,19.0,38.0,32.0,59.0,,
NLD,2021,46.0,,0.7077922077922079,0.06,,,,,29.0,26.0,115.0,,
NLD,2022,39.0,,0.7379310344827585,,41.0,26.0,,,,,69.0,41.0,24.0
NLD,2023,39.0,,0.7532467532467533,,38.0,32.0,,,,,69.0,46.0,32.0
NLD,2024,32.0,,0.7933333333333333,,44.0,27.0,,,,,,50.0,28.0
NLD,2025,39.0,,0.7054263565891472,,39.0,26.0,37.0,,,,,49.0,
NOR,2020,68.0,,0.5214285714285714,0.072,,,,27.0,99.0,90.0,63.0,,
NOR,2021,88.0,,0.43506493506493504,0.03,,,,,79.0,71.0,93.0,,
NOR,2022,114.0,,0.2206896551724138,,108.0,85.0,,,,,83.0,108.0,99.0
NOR,2023,111.0,,0.2857142857142857,,116.0,102.0,,,,,124.0,116.0,102.0
NOR,2024,99.0,,0.3466666666666667,,101.0,99.0,,,,,,103.0,94.0
NOR,2025,78.0,,0.4031007751937985,,86.0,72.0,83.0,,,,,90.0,
NPL,2020,82.0,,0.4214285714285714,0.049,,,,115.0,43.0,41.0,108.0,,
NPL,2021,30.0,,0.8116883116883117,0.09,,,,,46.0,42.0,26.0,,
NPL,2022,16.0,,0.896551724137931,,17.0,34.0,,,,,19.0,17.0,41.0
NPL,2023,56.0,,0.6428571428571428,,90.0,52.0,,,,,20.0,87.0,52.0
NPL,2024,71.0,,0.5333333333333333,,104.0,56.0,,,,,,79.0,51.0
NPL,2025,50.0,,0.6201550387596899,,52.0,54.0,46.0,,,,,57.0,
NZL,2020,63.0,,0.5571428571428572,0.075,,,,60.0,104.0,103.0,18.0,,
NZL,2021,96.0,,0.3831168831168831,0.02,,,,,95.0,88.0,85.0,,
NZL,2022,108.0,,0.26206896551724135,,99.0,76.0,,,,,94.0,99.0,61.0
NZL,2023,90.0,,0.42207792207792205,,107.0,68.0,,,,,101.0,112.0,68.0
NZL,2024,95.0,,0.3733333333333333,,100.0,95.0,,,,,,99.0,92.0
NZL,2025,83.0,,0.3643410852713178,,92.0,74.0,89.0,,,,,97.0,
OMN,2020,124.0,,0.12142857142857144,0.008,,,,127.0,135.0,136.0,104.0,,
OMN,2021,137.0,,0.11688311688311692,0.01,,,,,135.0,134.0,117.0,,
OMN,2023,137.0,,0.11688311688311692,,140.0,121.0,,,,,150.0,138.0,121.0
OMN,2024,141.0,,0.06666666666666665,,139.0,142.0,,,,,,136.0,139.0
OMN,2025,117.0,,0.10077519379844957,,114.0,117.0,115.0,,,,,114.0,
PAK,2020,15.0,,0.9,0.272,,,,96.0,16.0,13.0,26.0,,
PAK,2021,3.0,,0.987012987012987,0.36,,,,,12.0,11.0,8.0,,
PAK,2022,6.0,,0.9655172413793104,,10.0,22.0,,,,,50.0,10.0,16.0
PAK,2023,8.0,,0.9545454545454546,,7.0,20.0,,,,,9.0,7.0,20.0
PAK,2024,9.0,,0.9466666666666667,,4.0,18.0,,,,,,4.0,13.0
PAK,2025,3.0,,0.9844961240310077,,3.0,10.0,3.0,,,,,2.0,
PAN,2020,51.0,,0.6428571428571428,0.094,,,,36.0,118.0,117.0,8.0,,
PAN,2021,84.0,,0.461038961038961,0.03,,,,,102.0,102.0,47.0,,
PAN,2022,104.0,,0.2896551724137931,,107.0,74.0,,,,,43.0,107.0,96.0
PAN,2023,97.0,,0.37662337662337664,,113.0,81.0,,,,,95.0,114.0,81.0
PAN,2024,112.0,,0.26,,107.0,119.0,,,,,,111.0,120.0
PAN,2025,101.0,,0.22480620155038755,,103.0,94.0,103.0,,,,,101.0,
PER,2020,18.0,,0.8785714285714286,0.242,,,,76.0,30.0,43.0,7.0,,
PER,2021,22.0,,0.8636363636363636,0.11,,,,,39.0,39.0,23.0,,
PER,2022,35.0,,0.7655172413793103,,39.0,39.0,,,,,45.0,39.0,50.0
PER,2023,49.0,,0.6883116883116883,,35.0,70.0,,,,,65.0,33.0,70.0
PER,2024,42.0,,0.7266666666666667,,36.0,48.0,,,,,,31.0,43.0
PER,2025,34.0,,0.7441860465116279,,36.0,38.0,39.0,,,,,29.0,
PHL,2020,16.0,,0.8928571428571429,0.262,,,,91.0,13.0,9.0,44.0,,
PHL,2021,15.0,,0.9090909090909091,0.16,,,,,9.0,10.0,80.0,,
PHL,2022,2.0,,0.993103448275862,,4.0,13.0,,,,,66.0,4.0,5.0
PHL,2023,6.0,,0.9675324675324676,,6.0,7.0,,,,,19.0,6.0,7.0
PHL,2024,8.0,,0.9533333333333334,,9.0,14.0,,,,,,8.0,9.0
PHL,2025,9.0,,0.937984496124031,,9.0,13.0,10.0,,,,,6.0,
PNG,2020,140.0,,0.0071428571428571175,0.001,,,,151.0,148.0,149.0,105.0,,
PNG,2021,151.0,,0.025974025974025983,0.0,,,,,151.0,150.0,82.0,,
PNG,2024,145.0,,0.040000000000000036,,140.0,146.0,,,,,,146.0,136.0
POL,2020,38.0,,0.7357142857142858,0.137,,,,46.0,26.0,23.0,86.0,,
POL,2021,41.0,,0.7402597402597403,0.07,,,,,25.0,22.0,126.0,,
POL,2022,33.0,,0.7793103448275862,,25.0,32.0,,,,,102.0,25.0,30.0
POL,2023,34.0,,0.7857142857142857,,30.0,24.0,,,,,71.0,27.0,24.0
POL,2024,24.0,,0.8466666666666667,,28.0,25.0,,,,,,25.0,24.0
POL,2025,32.0,,0.7596899224806202,,34.0,28.0,33.0,,,,,33.0,
PRT,2020,43.0,,0.7,0.126,,,,35.0,59.0,54.0,34.0,,
PRT,2021,57.0,,0.6363636363636364,0.05,,,,,47.0,45.0,89.0,,
PRT,2022,38.0,,0.7448275862068965,,51.0,40.0,,,,,24.0,51.0,36.0
PRT,2023,59.0,,0.6233766233766234,,55.0,43.0,,,,,82.0,66.0,43.0
PRT,2024,50.0,,0.6733333333333333,,50.0,51.0,,,,,,60.0,52.0
PRT,2025,45.0,,0.6589147286821706,,56.0,31.0,47.0,,,,,65.0,
PRY,2020,112.0,,0.20714285714285718,0.015,,,,121.0,124.0,121.0,98.0,,
PRY,2021,122.0,,0.2142857142857143,0.01,,,,,124.0,119.0,75.0,,
PRY,2022,95.0,,0.3517241379310345,,92.0,106.0,,,,,62.0,92.0,113.0
PRY,2023,96.0,,0.3831168831168831,,111.0,85.0,,,,,92.0,99.0,85.0
PRY,2024,88.0,,0.42000000000000004,,93.0,34.0,,,,,,88.0,121.0
PRY,2025,75.0,,0.4263565891472868,,65.0,92.0,71.0,,,,,52.0,
PSE,2020,,Among lowest,0.0,0.0,,,,53.0,20.0,22.0,,,
PSE,2022,31.0,,0.7931034482758621,,45.0,94.0,,,,,15.0,45.0,93.0
PSE,2023,69.0,,0.5584415584415585,,46.0,107.0,,,,,28.0,84.0,107.0
PSE,2024,66.0,,0.5666666666666667,,80.0,84.0,,,,,,63.0,50.0
PSE,2025,98.0,,0.24806201550387597,,91.0,103.0,100.0,,,,,74.0,
QAT,2020,119.0,,0.15714285714285714,0.01,,,,93.0,137.0,137.0,101.0,,
QAT,2021,141.0,,0.09090909090909094,0.0,,,,,136.0,139.0,120.0,,
QAT,2022,141.0,,0.03448275862068961,,139.0,123.0,,,,,138.0,139.0,125.0
QAT,2023,138.0,,0.11038961038961037,,139.0,130.0,,,,,142.0,137.0,130.0
QAT,2024,131.0,,0.1333333333333333,,124.0,132.0,,,,,,132.0,135.0
QAT,2025,114.0,,0.12403100775193798,,112.0,110.0,112.0,,,,,115.0,
ROU,2020,48.0,,0.6642857142857144,0.112,,,,59.0,49.0,48.0,56.0,,
ROU,2021,64.0,,0.5909090909090908,0.04,,,,,49.0,58.0,83.0,,
ROU,2022,76.0,,0.48275862068965514,,56.0,55.0,,,,,118.0,56.0,49.0
ROU,2023,61.0,,0.6103896103896104,,58.0,48.0,,,,,80.0,59.0,48.0
ROU,2024,65.0,,0.5733333333333333,,62.0,76.0,,,,,,67.0,73.0
ROU,2025,59.0,,0.5503875968992248,,61.0,63.0,63.0,,,,,62.0,
RUS,2020,2.0,,0.9928571428571429,0.931,,,,5.0,8.0,7.0,9.0,,
RUS,2021,18.0,,0.8896103896103896,0.14,,,,,6.0,8.0,122.0,,
RUS,2022,9.0,,0.9448275862068966,,8.0,11.0,,,,,109.0,8.0,12.0
RUS,2023,13.0,,0.922077922077922,,12.0,9.0,,,,,36.0,10.0,9.0
RUS,2024,7.0,,0.96,,11.0,7.0,,,,,,7.0,7.0
RUS,2025,10.0,,0.9302325581395349,,10.0,9.0,11.0,,,,,8.0,
RWA,2020,81.0,,0.4285714285714286,0.049,,,,132.0,86.0,93.0,31.0,,
RWA,2021,69.0,,0.5584415584415585,0.04,,,,,110.0,106.0,13.0,,
RWA,2022,81.0,,0.4482758620689655,,103.0,107.0,,,,,18.0,103.0,108.0
RWA,2023,142.0,,0.08441558441558439,,137.0,147.0,,,,,48.0,133.0,147.0
RWA,2024,118.0,,0.21999999999999997,,120.0,112.0,,,,,,120.0,134.0
RWA,2025,93.0,,0.28682170542635654,,87.0,96.0,88.0,,,,,75.0,
SAU,2020,93.0,,0.34285714285714286,0.036,,,,118.0,97.0,89.0,73.0,,
SAU,2021,113.0,,0.2727272727272727,0.02,,,,,94.0,87.0,135.0,,
SAU,2022,67.0,,0.5448275862068965,,35.0,91.0,,,,,133.0,35.0,81.0
SAU,2023,57.0,,0.6363636363636364,,61.0,49.0,,,,,73.0,53.0,49.0
SAU,2024,41.0,,0.7333333333333334,,45.0,31.0,,,,,,53.0,30.0
SAU,2025,61.0,,0.5348837209302326,,62.0,66.0,64.0,,,,,63.0,
SDN,2020,134.0,,0.050000000000000044,0.003,,,,145.0,120.0,123.0,140.0,,
SEN,2020,98.0,,0.30714285714285716,0.029,,,,135.0,87.0,100.0,77.0,,
SEN,2021,93.0,,0.4025974025974026,0.03,,,,,100.0,111.0,39.0,,
SEN,2022,105.0,,0.2827586206896552,,115.0,104.0,,,,,37.0,115.0,82.0
SEN,2023,83.0,,0.4675324675324676,,121.0,76.0,,,,,58.0,115.0,76.0
SEN,2024,64.0,,0.5800000000000001,,72.0,73.0,,,,,,62.0,74.0
SEN,2025,80.0,,0.3875968992248062,,54.0,105.0,53.0,,,,,61.0,
SGP,2020,50.0,,0.65,0.102,,,,8.0,94.0,73.0,54.0,,
SGP,2021,80.0,,0.487012987012987,0.03,,,,,74.0,73.0,79.0,,
SGP,2022,63.0,,0.5724137931034483,,55.0,47.0,,,,,80.0,55.0,51.0
SGP,2023,77.0,,0.5064935064935066,,82.0,59.0,,,,,84.0,101.0,59.0
SGP,2024,75.0,,0.5066666666666666,,82.0,62.0,,,,,,104.0,61.0
SGP,2025,63.0,,0.5193798449612403,,71.0,52.0,66.0,,,,,79.0,
SLV,2020,53.0,,0.6285714285714286,0.09,,,,86.0,105.0,107.0,6.0,,
SLV,2021,89.0,,0.4285714285714286,0.03,,,,,101.0,105.0,49.0,,
SLV,2022,55.0,,0.6275862068965516,,61.0,89.0,,,,,36.0,61.0,83.0
SLV,2023,95.0,,0.38961038961038963,,80.0,108.0,,,,,88.0,80.0,108.0
SLV,2024,106.0,,0.30000000000000004,,73.0,121.0,,,,,,61.0,117.0
SLV,2025,89.0,,0.3178294573643411,,78.0,102.0,79.0,,,,,67.0,
SOM,2022,44.0,,0.703448275862069,,75.0,131.0,,,,,7.0,75.0,128.0
SOM,2023,114.0,,0.26623376623376627,,95.0,125.0,,,,,111.0,74.0,125.0
SOM,2024,63.0,,0.5866666666666667,,113.0,42.0,,,,,,93.0,38.0
SRB,2020,66.0,,0.5357142857142857,0.073,,,,38.0,57.0,52.0,90.0,,
SRB,2021,62.0,,0.6038961038961039,0.04,,,,,51.0,65.0,70.0,,
SRB,2022,59.0,,0.6,,67.0,75.0,,,,,34.0,67.0,60.0
SRB,2023,67.0,,0.5714285714285714,,65.0,53.0,,,,,89.0,67.0,53.0
SRB,2024,49.0,,0.6799999999999999,,58.0,49.0,,,,,,59.0,44.0
SRB,2025,67.0,,0.4883720930232558,,66.0,77.0,70.0,,,,,53.0,
SUR,2020,130.0,,0.07857142857142863,0.005,,,,72.0,140.0,141.0,125.0,,
SUR,2021,145.0,,0.06493506493506496,0.0,,,,,142.0,142.0,107.0,,
SUR,2022,130.0,,0.1103448275862069,,134.0,130.0,,,,,74.0,134.0,132.0
SUR,2023,149.0,,0.038961038961038974,,147.0,144.0,,,,,146.0,146.0,144.0
SUR,2024,138.0,,0.08666666666666667,,151.0,127.0,,,,,,147.0,122.0
SVK,2020,36.0,,0.75,0.143,,,,14.0,56.0,47.0,51.0,,
SVK,2021,67.0,,0.5714285714285714,0.04,,,,,54.0,51.0,86.0,,
SVK,2022,80.0,,0.45517241379310347,,70.0,70.0,,,,,95.0,70.0,69.0
SVK,2023,98.0,,0.3701298701298701,,75.0,97.0,,,,,115.0,81.0,97.0
SVK,2024,87.0,,0.42666666666666664,,66.0,89.0,,,,,,94.0,93.0
SVK,2025,76.0,,0.41860465116279066,,85.0,68.0,85.0,,,,,89.0,
SVN,2020,40.0,,0.7214285714285714,0.133,,,,4.0,79.0,53.0,46.0,,
SVN,2021,86.0,,0.44805194805194803,0.03,,,,,71.0,70.0,99.0,,
SVN,2022,113.0,,0.22758620689655173,,87.0,90.0,,,,,131.0,87.0,97.0
SVN,2023,101.0,,0.35064935064935066,,72.0,82.0,,,,,129.0,98.0,82.0
SVN,2024,97.0,,0.36,,86.0,104.0,,,,,,97.0,104.0
SVN,2025,82.0,,0.37209302325581395,,88.0,76.0,87.0,,,,,96.0,
SWE,2020,46.0,,0.6785714285714286,0.117,,,,40.0,67.0,70.0,28.0,,
SWE,2021,73.0,,0.5324675324675325,0.04,,,,,73.0,78.0,66.0,,
SWE,2022,78.0,,0.46896551724137936,,85.0,62.0,,,,,44.0,85.0,67.0
SWE,2023,70.0,,0.551948051948052,,68.0,67.0,,,,,79.0,68.0,67.0
SWE,2024,73.0,,0.52,,76.0,68.0,,,,,,90.0,70.0
SWE,2025,56.0,,0.5736434108527132,,63.0,48.0,58.0,,,,,69.0,
SYC,2021,127.0,,0.18181818181818177,0.01,,,,,143.0,121.0,51.0,,
SYC,2022,71.0,,0.5172413793103448,,123.0,110.0,,,,,1.0,123.0,114.0
SYC,2023,143.0,,0.07792207792207795,,145.0,143.0,,,,,134.0,134.0,143.0
SYR,2020,117.0,,0.17142857142857137,0.012,,,,125.0,71.0,77.0,132.0,,
SYR,2021,106.0,,0.31818181818181823,0.02,,,,,93.0,108.0,87.0,,
SYR,2023,131.0,,0.1558441558441559,,124.0,140.0,,,,,85.0,104.0,140.0
TCD,2020,,Among lowest,0.0,0.0,,,,154.0,153.0,154.0,,,
TGO,2020,73.0,,0.48571428571428577,0.06,,,,90.0,63.0,105.0,52.0,,
TGO,2021,9.0,,0.948051948051948,0.19,,,,,42.0,47.0,2.0,,
TGO,2022,93.0,,0.3655172413793103,,82.0,101.0,,,,,104.0,82.0,85.0
TGO,2023,118.0,,0.24025974025974028,,126.0,129.0,,,,,51.0,120.0,129.0
TGO,2024,85.0,,0.43999999999999995,,116.0,77.0,,,,,,85.0,56.0
TGO,2025,123.0,,0.054263565891472854,,125.0,123.0,125.0,,,,,124.0,
THA,2020,12.0,,0.9214285714285715,0.365,,,,21.0,15.0,17.0,33.0,,
THA,2021,12.0,,0.9285714285714286,0.17,,,,,11.0,7.0,76.0,,
THA,2022,8.0,,0.9517241379310345,,12.0,5.0,,,,,61.0,12.0,3.0
THA,2023,10.0,,0.9415584415584416,,8.0,6.0,,,,,44.0,15.0,6.0
THA,2024,16.0,,0.9,,16.0,19.0,,,,,,15.0,16.0
THA,2025,17.0,,0.875968992248062,,17.0,15.0,17.0,,,,,21.0,
TJK,2020,,Among lowest,0.0,0.0,,,,141.0,133.0,134.0,,,
TJK,2021,133.0,,0.1428571428571429,0.01,,,,,130.0,133.0,124.0,,
TJK,2022,128.0,,0.12413793103448278,,124.0,126.0,,,,,135.0,124.0,124.0
TJK,2023,135.0,,0.1298701298701299,,122.0,139.0,,,,,116.0,128.0,139.0
TJK,2024,117.0,,0.22666666666666668,,133.0,93.0,,,,,,127.0,113.0
TKM,2020,,Among lowest,0.0,0.0,,,,31.0,112.0,82.0,,,
TKM,2021,140.0,,0.09740259740259738,0.0,,,,,107.0,132.0,156.0,,
TTO,2020,100.0,,0.2928571428571428,0.025,,,,58.0,128.0,132.0,74.0,,
TTO,2021,125.0,,0.19480519480519476,0.01,,,,,131.0,126.0,57.0,,
TTO,2022,121.0,,0.1724137931034483,,122.0,127.0,,,,,60.0,122.0,121.0
TTO,2023,129.0,,0.16883116883116878,,133.0,127.0,,,,,112.0,136.0,127.0
TTO,2024,137.0,,0.09333333333333338,,128.0,140.0,,,,,,123.0,142.0
TTO,2025,112.0,,0.13953488372093026,,113.0,104.0,116.0,,,,,110.0,
TUN,2020,113.0,,0.19999999999999996,0.014,,,,80.0,54.0,59.0,139.0,,
TUN,2021,63.0,,0.5974025974025974,0.04,,,,,68.0,90.0,44.0,,
TUN,2022,50.0,,0.6620689655172414,,63.0,64.0,,,,,22.0,63.0,68.0
TUN,2023,55.0,,0.6493506493506493,,43.0,92.0,,,,,23.0,44.0,92.0
TUN,2024,80.0,,0.4733333333333334,,60.0,105.0,,,,,,49.0,101.0
TUN,2025,52.0,,0.6046511627906976,,53.0,67.0,61.0,,,,,43.0,
TUR,2020,29.0,,0.8,0.174,,,,50.0,17.0,10.0,93.0,,
TUR,2021,26.0,,0.8376623376623377,0.1,,,,,8.0,9.0,147.0,,
TUR,2022,12.0,,0.9241379310344827,,9.0,19.0,,,,,121.0,9.0,15.0
TUR,2023,12.0,,0.9285714285714286,,11.0,12.0,,,,,35.0,9.0,12.0
TUR,2024,11.0,,0.9333333333333333,,14.0,15.0,,,,,,11.0,11.0
TUR,2025,14.0,,0.8992248062015504,,13.0,22.0,12.0,,,,,11.0,
TZA,2020,60.0,,0.5785714285714285,0.081,,,,134.0,42.0,86.0,13.0,,
TZA,2021,19.0,,0.8831168831168831,0.13,,,,,45.0,60.0,4.0,,
TZA,2022,47.0,,0.6827586206896552,,81.0,61.0,,,,,9.0,81.0,42.0
TZA,2023,24.0,,0.8506493506493507,,57.0,27.0,,,,,6.0,62.0,27.0
TZA,2024,62.0,,0.5933333333333333,,81.0,69.0,,,,,,66.0,62.0
TZA,2025,73.0,,0.4418604651162791,,51.0,95.0,49.0,,,,,50.0,
UGA,2020,62.0,,0.5642857142857143,0.079,,,,139.0,48.0,57.0,14.0,,
UGA,2021,65.0,,0.5844155844155844,0.04,,,,,81.0,99.0,34.0,,
UGA,2022,100.0,,0.3172413793103448,,89.0,105.0,,,,,91.0,89.0,105.0
UGA,2023,45.0,,0.7142857142857143,,105.0,34.0,,,,,18.0,86.0,34.0
UGA,2024,34.0,,0.78,,64.0,12.0,,,,,,57.0,31.0
UGA,2025,37.0,,0.7209302325581395,,44.0,17.0,42.0,,,,,47.0,
UKR,2020,1.0,,1.0,1.0,,,,7.0,4.0,4.0,11.0,,
UKR,2021,4.0,,0.9805194805194806,0.29,,,,,5.0,6.0,40.0,,
UKR,2022,3.0,,0.9862068965517241,,6.0,10.0,,,,,39.0,6.0,14.0
UKR,2023,5.0,,0.974025974025974,,5.0,10.0,,,,,11.0,3.0,10.0
UKR,2024,6.0,,0.9666666666666667,,7.0,5.0,,,,,,5.0,6.0
UKR,2025,8.0,,0.9457364341085271,,6.0,8.0,6.0,,,,,4.0,
URY,2020,84.0,,0.40714285714285714,0.048,,,,70.0,113.0,104.0,64.0,,
URY,2021,105.0,,0.3246753246753247,0.02,,,,,116.0,117.0,42.0,,
URY,2022,83.0,,0.43448275862068964,,96.0,114.0,,,,,32.0,96.0,118.0
URY,2023,121.0,,0.22077922077922074,,110.0,123.0,,,,,117.0,107.0,123.0
URY,2024,121.0,,0.19999999999999996,,112.0,129.0,,,,,,113.0,131.0
URY,2025,106.0,,0.18604651162790697,,104.0,112.0,104.0,,,,,102.0,
USA,2020,6.0,,0.9642857142857143,0.627,,,,39.0,6.0,5.0,16.0,,
USA,2021,8.0,,0.9545454545454546,0.22,,,,,4.0,3.0,109.0,,
USA,2022,5.0,,0.9724137931034482,,3.0,3.0,,,,,111.0,3.0,2.0
USA,2023,4.0,,0.9805194805194806,,2.0,2.0,,,,,12.0,8.0,2.0
USA,2024,4.0,,0.98,,2.0,4.0,,,,,,12.0,4.0
USA,2025,2.0,,0.9922480620155039,,2.0,2.0,2.0,,,,,10.0,
UZB,2020,115.0,,0.18571428571428572,0.013,,,,136.0,83.0,85.0,127.0,,
UZB,2021,95.0,,0.38961038961038963,0.03,,,,,58.0,52.0,146.0,,
UZB,2022,87.0,,0.40689655172413797,,46.0,99.0,,,,,140.0,46.0,77.0
UZB,2023,25.0,,0.8441558441558441,,44.0,15.0,,,,,54.0,39.0,15.0
UZB,2024,33.0,,0.7866666666666666,,46.0,30.0,,,,,,40.0,26.0
UZB,2025,51.0,,0.6124031007751938,,68.0,41.0,67.0,,,,,55.0,
VEN,2020,3.0,,0.9857142857142858,0.799,,,,15.0,14.0,19.0,2.0,,
VEN,2021,7.0,,0.961038961038961,0.25,,,,,22.0,29.0,6.0,,
VEN,2023,40.0,,0.7467532467532467,,19.0,90.0,,,,,32.0,17.0,90.0
VEN,2024,13.0,,0.92,,17.0,11.0,,,,,,16.0,12.0
VEN,2025,18.0,,0.8682170542635659,,14.0,37.0,15.0,,,,,13.0,
VNM,2020,10.0,,0.9357142857142857,0.443,,,,44.0,2.0,2.0,81.0,,
VNM,2021,1.0,,1.0,1.0,,,,,2.0,4.0,3.0,,
VNM,2022,1.0,,1.0,,5.0,7.0,,,,,2.0,5.0,6.0
VNM,2023,3.0,,0.987012987012987,,4.0,3.0,,,,,2.0,4.0,3.0
VNM,2024,5.0,,0.9733333333333334,,3.0,6.0,,,,,,3.0,5.0
VNM,2025,4.0,,0.9767441860465116,,4.0,6.0,4.0,,,,,3.0,
YEM,2020,129.0,,0.08571428571428574,0.005,,,,142.0,106.0,109.0,137.0,,
YEM,2023,54.0,,0.6558441558441559,,32.0,99.0,,,,,26.0,49.0,99.0
YEM,2024,45.0,,0.7066666666666667,,57.0,43.0,,,,,,43.0,39.0
YEM,2025,16.0,,0.8837209302325582,,16.0,21.0,16.0,,,,,15.0,
ZAF,2020,7.0,,0.9571428571428572,0.526,,,,41.0,9.0,12.0,10.0,,
ZAF,2021,16.0,,0.9025974025974026,0.14,,,,,16.0,18.0,62.0,,
ZAF,2022,30.0,,0.8,,29.0,41.0,,,,,81.0,29.0,31.0
ZAF,2023,31.0,,0.8051948051948052,,21.0,45.0,,,,,25.0,22.0,45.0
ZAF,2024,30.0,,0.8066666666666666,,19.0,40.0,,,,,,28.0,35.0
ZAF,2025,28.0,,0.7906976744186046,,25.0,39.0,26.0,,,,,23.0,
ZMB,2020,80.0,,0.4357142857142857,0.051,,,,113.0,89.0,115.0,24.0,,
ZMB,2021,43.0,,0.7272727272727273,0.06,,,,,77.0,66.0,17.0,,
ZMB,2022,120.0,,0.17931034482758623,,119.0,118.0,,,,,75.0,119.0,111.0
ZMB,2023,120.0,,0.2272727272727273,,114.0,132.0,,,,,41.0,117.0,132.0
ZMB,2024,58.0,,0.62,,35.0,80.0,,,,,,54.0,78.0
ZMB,2025,94.0,,0.2790697674418605,,55.0,118.0,57.0,,,,,54.0,
ZWE,2020,,Among lowest,0.0,0.0,,,,133.0,91.0,116.0,,,
ZWE,2021,61.0,,0.6103896103896104,0.04,,,,,87.0,113.0,9.0,,
ZWE,2022,72.0,,0.5103448275862069,,69.0,117.0,,,,,47.0,69.0,119.0
ZWE,2023,103.0,,0.33766233766233766,,83.0,120.0,,,,,52.0,102.0,120.0
ZWE,2024,105.0,,0.30666666666666664,,61.0,118.0,,,,,,80.0,116.0
ZWE,2025,100.0,,0.2325581395348837,,83.0,114.0,80.0,,,,,86.0,
