country_iso3,country_name,year,gdp_per_capita_usd,inflation_cpi_annual_pct,financial_account_baseline,remittances_received_pct_gdp
ABW,Aruba,2020,22759.8071750722,,,1.41554458571917
ABW,Aruba,2021,26749.3296093118,,,1.24425014179282
ABW,Aruba,2022,30975.9989121779,,,1.15159737684148
ABW,Aruba,2023,35718.7531191634,,,1.01608886441587
ABW,Aruba,2024,39498.5941293797,,,0.893829398919622
AFG,Afghanistan,2020,510.787063366811,5.60188791482224,9.65382184434304,3.95329685319887
AFG,Afghanistan,2021,356.496214115892,5.13320340824963,9.65382184434304,2.24403998810715
AFG,Afghanistan,2022,357.261152798144,13.7121023720065,9.65382184434304,2.20731611347931
AFG,Afghanistan,2023,413.757894705303,-4.64470870797775,9.65382184434304,1.8656461200228
AFG,Afghanistan,2024,,-6.60118564073726,9.65382184434304,
AGO,Angola,2020,1759.35619918264,22.271539247051,,0.0136834575473168
AGO,Angola,2021,2303.90812662776,25.7542948841891,,0.0158763470925451
AGO,Angola,2022,3682.1131513698,21.3552901320822,,0.0106739240124738
AGO,Angola,2023,2916.13663284275,13.6441017767715,,0.0112595136943061
AGO,Angola,2024,2665.87444776753,28.2404948915772,,0.0505345581578213
ALB,Albania,2020,6027.91350716348,1.62088661717004,46.069250627042,9.61841800746962
ALB,Albania,2021,7242.45513146613,2.04147163139545,46.069250627042,9.52948598024897
ALB,Albania,2022,7756.96188744253,6.7252027153006,46.069250627042,9.17717025231113
ALB,Albania,2023,9730.86921906893,4.75834555150039,46.069250627042,8.66778018906039
ALB,Albania,2024,11377.7757431099,2.21587375089999,46.069250627042,8.40939322766939
AND,Andorra,2020,37361.1070081615,,,1.64013432676391
AND,Andorra,2021,42425.7066454357,,,1.59419633502347
AND,Andorra,2022,42414.0479861228,,,1.31863050475322
AND,Andorra,2023,46812.4261013102,,,1.27540334966827
AND,Andorra,2024,49303.6491674336,,,1.29549313910818
ARE,United Arab Emirates,2020,37991.7492971665,-2.07940317940944,85.7421930087712,
ARE,United Arab Emirates,2021,44118.5047192771,0.179935336174431,85.7421930087712,
ARE,United Arab Emirates,2022,50759.7589231191,5.29122604376849,85.7421930087712,
ARE,United Arab Emirates,2023,49850.6872175164,1.62670837213248,85.7421930087712,0.359500450678101
ARE,United Arab Emirates,2024,50273.5060469837,1.66336510224894,85.7421930087712,0.325377524202418
ARG,Argentina,2020,8535.59938004389,42.0150947376509,81.7442446865007,0.168011924038753
ARG,Argentina,2021,10738.0179223384,48.4093786255199,81.7442446865007,0.185543785281081
ARG,Argentina,2022,13962.1894087223,72.430757531824,81.7442446865007,0.166635693990481
ARG,Argentina,2023,14261.8465667948,133.488935594175,81.7442446865007,0.15535734613336
ARG,Argentina,2024,13969.7836603737,219.883929014578,81.7442446865007,0.163599877828893
ARM,Armenia,2020,4268.68093304583,1.21143577838465,71.3734734683257,10.4970552541265
ARM,Armenia,2021,4685.17997128509,7.18483629443371,71.3734734683257,11.2171827452107
ARM,Armenia,2022,6571.97445545099,8.64091108973855,71.3734734683257,10.8688335174113
ARM,Armenia,2023,8159.08720967996,1.98041877615554,71.3734734683257,6.39621098617553
ARM,Armenia,2024,8556.21406956719,0.269511978259125,71.3734734683257,4.92468775781423
ASM,American Samoa,2020,14489.2586563775,,,
ASM,American Samoa,2021,15236.1604875571,,,
ASM,American Samoa,2022,18017.4589383973,,,
ATG,Antigua and Barbuda,2020,15369.6082250401,0.625989707046719,,2.56585012934811
ATG,Antigua and Barbuda,2021,17348.6006987182,2.06299638545334,,2.82536157975282
ATG,Antigua and Barbuda,2022,20105.1989085164,7.53107834634288,,1.86496707164868
ATG,Antigua and Barbuda,2023,21494.5474000727,5.06713865364213,,1.7389598236213
ATG,Antigua and Barbuda,2024,23542.4526945578,6.19886698842116,,1.18665213980724
AUS,Australia,2020,51983.4523666382,0.846905537459305,98.0103778290099,0.0833273223696793
AUS,Australia,2021,60758.9044397144,2.86391042204994,98.0103778290099,0.0538873539403801
AUS,Australia,2022,65169.5191118657,6.59409671341846,98.0103778290099,0.0713213074162778
AUS,Australia,2023,65058.3773146674,5.5970149253731,98.0103778290099,0.0928559687058244
AUS,Australia,2024,64603.9856308464,3.1616142830575,98.0103778290099,0.100476992804764
AUT,Austria,2020,48716.4098900349,1.38191063351862,99.5084974640411,0.69677434560967
AUT,Austria,2021,53648.6437976214,2.7666666666667,99.5084974640411,0.664274745885735
AUT,Austria,2022,52336.7725223758,8.5468699318845,99.5084974640411,0.636214157041973
AUT,Austria,2023,56579.504175468,7.81413417002832,99.5084974640411,0.631386866730441
AUT,Austria,2024,58268.8787651601,2.93791574279383,99.5084974640411,0.651189560177177
AZE,Azerbaijan,2020,4229.91064904503,2.75980947008127,56.3046655573957,3.2864567961961
AZE,Azerbaijan,2021,5408.04535175023,6.65029912708779,56.3046655573957,2.78454087413308
AZE,Azerbaijan,2022,7770.594223351,13.8522590144267,56.3046655573957,5.012251973723
AZE,Azerbaijan,2023,7133.02838048328,8.78543049849081,56.3046655573957,2.64096975190127
AZE,Azerbaijan,2024,7283.8499076179,2.21217188919901,56.3046655573957,1.81882789681566
BDI,Burundi,2020,255.8324539389,7.32110643415521,,4.5022086392216
BDI,Burundi,2021,264.980379269655,8.40453845076341,,4.88984068334734
BDI,Burundi,2022,302.992505263552,18.8008786664945,,4.04924423053384
BDI,Burundi,2023,250.627253097255,26.9414835762453,,5.70350650717509
BDI,Burundi,2024,219.424830882698,20.2124925027847,,7.68504980490069
BEL,Belgium,2020,45906.2875805246,0.740791812220344,98.2369093220798,2.47543593372868
BEL,Belgium,2021,51658.238294958,2.44024851144084,98.2369093220798,2.38689121016773
BEL,Belgium,2022,50605.7496677086,9.597511728725,98.2369093220798,2.37479009326131
BEL,Belgium,2023,55291.4754541329,4.04901077613941,98.2369093220798,2.24799476941634
BEL,Belgium,2024,56614.5679499036,3.14349136500041,98.2369093220798,2.3058808956455
BEN,Benin,2020,1200.19426557789,3.02272119663759,51.8432060403598,1.30443860209878
BEN,Benin,2021,1318.65158075198,1.73353962694036,51.8432060403598,1.30551361346959
BEN,Benin,2022,1266.42711031904,1.35077863583527,51.8432060403598,1.43702897358244
BEN,Benin,2023,1394.17784721831,2.73870078406075,51.8432060403598,1.72082497476655
BEN,Benin,2024,1485.38018885134,1.16093089640415,51.8432060403598,1.09690827945195
BFA,Burkina Faso,2020,825.237038782475,1.88470066518847,51.4274911911242,2.95970546183422
BFA,Burkina Faso,2021,895.535288442991,3.65326761825509,51.4274911911242,2.89859371271546
BFA,Burkina Faso,2022,827.330843486661,14.2902354303358,51.4274911911242,2.81334408479241
BFA,Burkina Faso,2023,873.482589651003,0.742910428668918,51.4274911911242,2.90560060201336
BFA,Burkina Faso,2024,981.992649769081,4.19081721344523,51.4274911911242,2.55138115666637
BGD,Bangladesh,2020,2248.85078828233,5.69107474746211,43.2839733431322,5.81626795895569
BGD,Bangladesh,2021,2482.84917843357,5.54565430773473,43.2839733431322,5.33437804101103
BGD,Bangladesh,2022,2716.48592780431,7.69695437176898,43.2839733431322,4.6737649876073
BGD,Bangladesh,2023,2551.01773827307,9.8835030377921,43.2839733431322,5.04555725354251
BGD,Bangladesh,2024,2593.41611680774,10.4657482763412,43.2839733431322,6.11494686698428
BGR,Bulgaria,2020,10760.211975413,1.67244096855756,84.7243949771558,2.81676543082857
BGR,Bulgaria,2021,12966.1457543396,3.29774435299515,84.7243949771558,2.38261240314066
BGR,Bulgaria,2022,13999.1949530956,15.3252589264366,84.7243949771558,2.31150029458411
BGR,Bulgaria,2023,15853.208636704,9.44284140088564,84.7243949771558,2.2372183910043
BGR,Bulgaria,2024,17596.0173663521,2.44651943006079,84.7243949771558,2.3318173189881
BHR,Bahrain,2020,24342.8444554718,-2.31770629331379,82.3220521049445,
BHR,Bahrain,2021,27147.8083882286,-0.60631938514085,82.3220521049445,
BHR,Bahrain,2022,30470.5219276023,3.62574104304482,82.3220521049445,
BHR,Bahrain,2023,29290.1284215098,0.0746206782192256,82.3220521049445,
BHR,Bahrain,2024,29653.5682731534,0.919635459817651,82.3220521049445,
BHS,"Bahamas, The",2020,26178.7537607708,0.0385210980054558,,0.49025118689208
BHS,"Bahamas, The",2021,30367.8605757708,2.90491262928478,,0.440646340450278
BHS,"Bahamas, The",2022,34957.1613279737,5.60540633583044,,0.416556329514708
BHS,"Bahamas, The",2023,38231.774484278,3.05291578969743,,0.410399245643789
BHS,"Bahamas, The",2024,39455.4466548546,0.409162489083286,,0.416407710575514
BIH,Bosnia and Herzegovina,2020,6130.31187968266,-1.0512960076349,77.4588922946912,9.54729598420506
BIH,Bosnia and Herzegovina,2021,7295.34378682258,1.98163900587622,77.4588922946912,10.4675310843986
BIH,Bosnia and Herzegovina,2022,7655.59421024383,14.0208440826771,77.4588922946912,10.5208784489857
BIH,Bosnia and Herzegovina,2023,8663.02326458629,6.1059011284828,77.4588922946912,10.2332695977764
BIH,Bosnia and Herzegovina,2024,9358.78768951134,1.69212733599724,77.4588922946912,10.5502824361912
BLR,Belarus,2020,6542.85579976768,5.54814357456511,,1.65173922227239
BLR,Belarus,2021,7489.71894713888,9.46028389623106,,1.65049350927473
BLR,Belarus,2022,7994.64806074889,15.209675274081,,2.01552933186967
BLR,Belarus,2023,7896.75388295584,5.00059903091313,,1.73928584531142
BLR,Belarus,2024,8317.63399913792,5.78531910427999,,1.81319105202764
BLZ,Belize,2020,5238.54078175696,0.121434644614894,67.9682001512007,5.89481400963481
BLZ,Belize,2021,6142.98930557031,3.23563659237071,67.9682001512007,5.57356290247454
BLZ,Belize,2022,7068.21728043145,6.27689319447544,67.9682001512007,5.00304345845639
BLZ,Belize,2023,7424.75821321022,4.38984017487675,67.9682001512007,4.90004565779905
BLZ,Belize,2024,7681.24400583113,3.28955985952768,67.9682001512007,4.81171408822687
BMU,Bermuda,2020,106976.546239632,,,22.854911149781
BMU,Bermuda,2021,112765.08167306,,,22.7105586583065
BMU,Bermuda,2022,121613.939983629,,,22.2812886343297
BMU,Bermuda,2023,132604.439086216,,,23.7237560180997
BMU,Bermuda,2024,142855.374713782,,,25.4072084560735
BOL,Bolivia,2020,3580.96761778303,0.940742153381849,56.849052664469,2.66229538411819
BOL,Bolivia,2021,4010.76053686204,0.737383721452275,56.849052664469,2.96057833302062
BOL,Bolivia,2022,4219.46113742445,1.74632872945969,56.849052664469,2.86351523412907
BOL,Bolivia,2023,4274.70820547613,2.57688800489192,56.849052664469,2.76917067099173
BOL,Bolivia,2024,4421.16609889999,5.09976568317427,56.849052664469,2.34124280496525
BRA,Brazil,2020,7074.19407495707,3.21176803803376,86.3811782311541,0.241596221185315
BRA,Brazil,2021,7972.53696080695,8.30165975585673,86.3811782311541,0.245534634681336
BRA,Brazil,2022,9281.33282136864,9.28010608956873,86.3811782311541,0.254813156784915
BRA,Brazil,2023,10377.5897719195,4.59356282283204,86.3811782311541,0.202347517951754
BRA,Brazil,2024,10310.5488778166,4.36746407652337,86.3811782311541,0.224281814146123
BRB,Barbados,2020,19194.4919736739,,,1.57527473391221
BRB,Barbados,2021,21079.6145271791,,,1.43211730040101
BRB,Barbados,2022,24387.0387293761,,,1.23714059027727
BRB,Barbados,2023,25583.878782727,9.79207077126447,,1.17919070363064
BRB,Barbados,2024,26544.8707282621,-0.440112940205204,,1.13597391988584
BRN,Brunei Darussalam,2020,26834.3592233943,1.94031996607184,,
BRN,Brunei Darussalam,2021,31006.9636289785,1.73341388450593,,
BRN,Brunei Darussalam,2022,36632.9280952155,3.68225030604216,,
BRN,Brunei Darussalam,2023,32890.5491812019,0.35706431153689,,
BRN,Brunei Darussalam,2024,33153.4738913513,-0.388674165036461,,
BTN,Bhutan,2020,3191.66906999331,5.62936522632508,,3.39498028366294
BTN,Bhutan,2021,3570.61257980872,7.3468144053353,,2.64978293694613
BTN,Bhutan,2022,3711.32767981591,5.6391667139637,,3.31086657464961
BTN,Bhutan,2023,3831.32535494609,4.22934419929251,,3.58251575182779
BTN,Bhutan,2024,,2.76131569624098,,
BWA,Botswana,2020,6323.2974967659,1.8903591682421,61.4384690565565,0.295602661286554
BWA,Botswana,2021,7807.88794570471,7.24097765588442,61.4384690565565,0.323109444541782
BWA,Botswana,2022,8328.7090572666,11.665567478802,61.4384690565565,0.306272176448881
BWA,Botswana,2023,7826.35376483298,5.0676154934383,61.4384690565565,0.360745147280346
BWA,Botswana,2024,7695.75319445165,2.81835131676251,61.4384690565565,0.661264409337821
CAF,Central African Republic,2020,462.879071294011,1.71015659523153,,
CAF,Central African Republic,2021,492.263142830507,4.25936417542868,,
CAF,Central African Republic,2022,467.359825026238,5.58316735183247,,
CAF,Central African Republic,2023,495.978897288721,2.97913852618937,,
CAF,Central African Republic,2024,516.160999996036,1.47733600718744,,
CAN,Canada,2020,43537.839298904,0.716999632307827,98.4047126063262,0.049637012939377
CAN,Canada,2021,52886.6616372703,3.39519318527528,98.4047126063262,0.0411150827860872
CAN,Canada,2022,56256.8007264015,6.80280115341613,98.4047126063262,0.039437208123801
CAN,Canada,2023,54220.3285039875,3.87900159788426,98.4047126063262,0.0389811694078447
CAN,Canada,2024,54340.3477224733,2.38158383281173,98.4047126063262,0.0379490070926434
CHE,Switzerland,2020,85897.7843338323,-0.725874933313384,98.412309687795,0.418815724820597
CHE,Switzerland,2021,93664.7736696111,0.581814168489856,98.412309687795,0.394169722896814
CHE,Switzerland,2022,94394.5106803525,2.83502798644463,98.412309687795,0.400685830735044
CHE,Switzerland,2023,100623.549627296,2.13540088016377,98.412309687795,0.390234902671994
CHE,Switzerland,2024,103998.186685604,1.06234041976595,98.412309687795,0.388206889473597
CHL,Chile,2020,13114.815470545,3.04549084804326,85.0691778196127,0.0260576739589634
CHL,Chile,2021,16206.8325493421,4.52456838259144,85.0691778196127,0.0210845500963785
CHL,Chile,2022,15405.6165774073,11.643866711056,85.0691778196127,0.0282751450622328
CHL,Chile,2023,17067.0364799154,7.58168251407962,85.0691778196127,0.0289306042743538
CHL,Chile,2024,16709.8893972307,4.29763891572524,85.0691778196127,0.0303210305442313
CHN,China,2020,10627.4637989619,2.41942189457782,89.3830319754266,0.125871762145022
CHN,China,2021,12887.4357242941,0.981015135544882,89.3830319754266,0.123504401314794
CHN,China,2022,12970.6056414327,1.97357555739051,89.3830319754266,0.142457651070649
CHN,China,2023,12951.1782397043,0.234836828893051,89.3830319754266,0.161377801607252
CHN,China,2024,13303.1481543868,0.218128938439177,89.3830319754266,0.16757857471
CIV,Cote d'Ivoire,2020,2179.72934832935,2.41252617189053,57.5676269730853,0.522225685301873
CIV,Cote d'Ivoire,2021,2455.98127641148,4.15919657911798,57.5676269730853,0.604706878049211
CIV,Cote d'Ivoire,2022,2333.37128301259,5.23352856100843,57.5676269730853,1.46910313622564
CIV,Cote d'Ivoire,2023,2591.9659048119,4.36972254867474,57.5676269730853,1.62303459294911
CIV,Cote d'Ivoire,2024,2727.8935220697,3.45053028131019,57.5676269730853,2.03272330773983
CMR,Cameroon,2020,1555.60370660749,2.43760882182236,60.8737908565624,0.819403311730562
CMR,Cameroon,2021,1672.32657340872,2.27185762503637,60.8737908565624,0.955517885808094
CMR,Cameroon,2022,1604.87726954895,6.24767713343861,60.8737908565624,1.26876259890659
CMR,Cameroon,2023,1720.47510154506,7.38281384280984,60.8737908565624,1.61132543192255
CMR,Cameroon,2024,1830.00833684727,4.53331349711606,60.8737908565624,1.29492646677846
COD,"Congo, Dem. Rep.",2020,486.425572682256,,39.2140115142227,2.56157002626062
COD,"Congo, Dem. Rep.",2021,595.743074403567,,39.2140115142227,2.28193902407841
COD,"Congo, Dem. Rep.",2022,687.738587554685,,39.2140115142227,4.63187810938395
COD,"Congo, Dem. Rep.",2023,660.21205238997,,39.2140115142227,4.722354634934
COD,"Congo, Dem. Rep.",2024,649.383338556725,,39.2140115142227,2.81943987261584
COG,"Congo, Rep.",2020,1993.586671931,1.79537147083108,55.5760387811851,0.110146373125465
COG,"Congo, Rep.",2021,2516.16255145432,1.7156427545126,55.5760387811851,0.296510284243913
COG,"Congo, Rep.",2022,2620.83804267402,3.04344334698478,55.5760387811851,0.277926360104092
COG,"Congo, Rep.",2023,2477.97845544866,4.30174563591016,55.5760387811851,0.286923412425026
COG,"Congo, Rep.",2024,2482.2489948456,3.09143630919166,55.5760387811851,0.279898466738253
COL,Colombia,2020,5339.68711357943,2.52663500084706,57.0594856281374,2.56133478402854
COL,Colombia,2021,6222.62164397614,3.49505757399448,57.0594856281374,2.70254419060708
COL,Colombia,2022,6680.44506854481,10.1772313546166,57.0594856281374,2.7354220776326
COL,Colombia,2023,7000.83660501046,11.7359044948689,57.0594856281374,2.76052929017364
COL,Colombia,2024,7919.20886825345,6.60908593728228,57.0594856281374,2.83493751117081
COM,Comoros,2020,1519.34665556206,0.786641929499151,45.4593974142566,18.5971869020176
COM,Comoros,2021,1554.97289190153,-0.0044179368234698,45.4593974142566,22.6365373136838
COM,Comoros,2022,1465.479642862,12.5320314570999,45.4593974142566,23.054600106625
COM,Comoros,2023,1560.27378476855,8.37373955490996,45.4593974142566,23.0303696786832
COM,Comoros,2024,1662.75663312504,5.05192609588218,45.4593974142566,19.6005062212167
CPV,Cabo Verde,2020,3539.22661248299,0.605795808395385,,12.8536888281673
CPV,Cabo Verde,2021,3971.44409203423,1.86215297494647,,15.3280846738368
CPV,Cabo Verde,2022,4323.31362032709,7.93092925430087,,14.031084297698
CPV,Cabo Verde,2023,4794.90121917259,3.72437517668748,,12.6322620942964
CPV,Cabo Verde,2024,5192.48157325878,1.04817001091965,,12.2547354812686
CRI,Costa Rica,2020,12394.0493969492,0.724911478131376,71.3527070793642,0.841063564336656
CRI,Costa Rica,2021,12838.1185358931,1.72647755109241,71.3527070793642,0.914599844344358
CRI,Costa Rica,2022,13625.9008491328,8.27477490232654,71.3527070793642,0.895844948118842
CRI,Costa Rica,2023,16942.0268119375,0.525193508693455,71.3527070793642,0.765456761111265
CRI,Costa Rica,2024,18587.1532203482,-0.412853001047069,71.3527070793642,0.760139316219948
CUB,Cuba,2020,9605.27914559614,,,
CUW,Curacao,2020,16299.8134349902,,,5.21983779202261
CUW,Curacao,2021,17795.5826616182,,,5.18027097230236
CUW,Curacao,2022,20057.1404747175,,,5.15628133875869
CUW,Curacao,2023,21217.8110321785,,,5.38205169034654
CUW,Curacao,2024,22832.8953958667,,,3.26157812828196
CYM,Cayman Islands,2020,82338.7977439023,,,0.159294422104838
CYM,Cayman Islands,2021,86449.6749037302,,,0.168515959367711
CYM,Cayman Islands,2022,93030.7051447803,,,0.191442641043377
CYM,Cayman Islands,2023,99143.5180243123,,,0.149685193609015
CYP,Cyprus,2020,28130.341796875,-0.638422797978959,96.1259312935907,2.22125223156192
CYP,Cyprus,2021,32937.83984375,2.44608867175474,96.1259312935907,2.06471293636738
CYP,Cyprus,2022,33231.04296875,8.39548297993334,96.1259312935907,1.67385436424024
CYP,Cyprus,2023,36623.69140625,3.54134188751663,96.1259312935907,1.8055958166083
CYP,Cyprus,2024,38674.29296875,1.80023018624815,96.1259312935907,1.79895977387556
CZE,Czechia,2020,23472.8915454417,3.16129528497801,92.2832885462025,1.66692379663162
CZE,Czechia,2021,27696.4619527544,3.83984491500146,92.2832885462025,1.5076553829427
CZE,Czechia,2022,28282.2236715857,15.1001651468371,92.2832885462025,1.37578324481376
CZE,Czechia,2023,31761.5944102491,10.6612601372426,92.2832885462025,1.23917377978351
CZE,Czechia,2024,31823.3078290564,2.43531202435314,92.2832885462025,1.22408277522885
DEU,Germany,2020,47394.8734504469,0.144877925813982,98.2983235670699,0.477487831020722
DEU,Germany,2021,52349.2459994422,3.06666666666673,98.2983235670699,0.465094604231552
DEU,Germany,2022,50506.5179638543,6.87257438551097,98.2983235670699,0.466478241668682
DEU,Germany,2023,54776.7668235491,5.94643667725823,98.2983235670699,0.460768626602933
DEU,Germany,2024,56103.7323182554,2.2564981433876,98.2983235670699,0.452984461006563
DJI,Djibouti,2020,2844.88810647853,1.7774078380617,,2.03729907694872
DJI,Djibouti,2021,3025.91126413549,1.18191775339802,,2.34123925393883
DJI,Djibouti,2022,3133.25779772463,5.17980847967061,,1.58752439290675
DJI,Djibouti,2023,3381.29779710722,1.49506816515088,,1.50297318211677
DJI,Djibouti,2024,3552.72335079222,2.07655387954199,,1.3486328033841
DMA,Dominica,2020,7827.74842680426,1.22026442242476,,6.36292196197876
DMA,Dominica,2021,8376.40414141113,2.22891330700344,,7.14145789743791
DMA,Dominica,2022,9323.66089490562,2.88490226829353,,6.06413655358534
DMA,Dominica,2023,9912.96212766668,5.08677483158112,,5.22932224431786
DMA,Dominica,2024,10405.2787777582,2.56921890367726,,5.66835046613405
DNK,Denmark,2020,60985.4885601514,0.420711974110115,98.6505141065248,0.374595136346265
DNK,Denmark,2021,69340.7334922138,1.8530454398968,98.6505141065248,0.347904946462732
DNK,Denmark,2022,67781.0940939514,7.6965669988926,98.6505141065248,0.349819211771776
DNK,Denmark,2023,68043.5466971243,3.30517811237606,98.6505141065248,0.375706236320771
DNK,Denmark,2024,71026.4832271897,1.37220049768918,98.6505141065248,0.357925352388462
DOM,Dominican Republic,2020,7135.22273255899,3.78103179915517,64.777963876998,10.6071966446228
DOM,Dominican Republic,2021,8527.0754858205,8.24300347981809,64.777963876998,11.3260079151082
DOM,Dominican Republic,2022,10104.2449349081,8.81109209279587,64.777963876998,9.05734336867233
DOM,Dominican Republic,2023,10630.431743829,4.78561281021135,64.777963876998,8.81581566434817
DOM,Dominican Republic,2024,10875.6618443092,3.30223338951227,64.777963876998,9.04956290595841
DZA,Algeria,2020,3743.5419522929,2.41513094083414,35.2901069097173,1.03085687360381
DZA,Algeria,2021,4160.55926736925,7.22606307415477,35.2901069097173,0.962189288322084
DZA,Algeria,2022,4960.30334332888,9.26551551551553,35.2901069097173,0.755694605229352
DZA,Algeria,2023,5370.477235078,9.32217375928322,35.2901069097173,0.753275484255268
DZA,Algeria,2024,5752.99076651465,4.04611455313434,35.2901069097173,0.667941907847866
ECU,Ecuador,2020,5463.64515348598,-0.338872392562139,64.5052103870577,3.48790451754192
ECU,Ecuador,2021,6061.32350181711,0.133251386096389,64.5052103870577,4.07490158068369
ECU,Ecuador,2022,6515.58528418336,3.46616972213077,64.5052103870577,4.08839477102189
ECU,Ecuador,2023,6737.84748379638,2.21568764237058,64.5052103870577,4.50067266318947
ECU,Ecuador,2024,6874.705739766,1.54732515615369,64.5052103870577,5.24908721771676
EGY,"Egypt, Arab Rep.",2020,3511.11381026379,5.04493288977539,43.1134368034247,7.71274724506713
EGY,"Egypt, Arab Rep.",2021,3827.35415374308,5.21404940513043,43.1134368034247,7.4144321712116
EGY,"Egypt, Arab Rep.",2022,4233.30783744856,13.8956609775178,43.1134368034247,5.94293350334715
EGY,"Egypt, Arab Rep.",2023,3456.78968456253,33.8847763115546,43.1134368034247,4.93326942206534
EGY,"Egypt, Arab Rep.",2024,3338.47371395895,28.2705899322083,43.1134368034247,7.59757023635599
ESP,Spain,2020,27233.9426461608,-0.322753017299739,98.3807416463989,0.237512743208444
ESP,Spain,2021,30799.4775937775,3.0931351197642,98.3807416463989,0.270293557786333
ESP,Spain,2022,30319.4987196616,8.39057634118627,98.3807416463989,0.292566709394882
ESP,Spain,2023,33493.2225409111,3.53236133492433,98.3807416463989,0.339088077031013
ESP,Spain,2024,35326.7683069278,2.77417826534772,98.3807416463989,0.366748486679136
EST,Estonia,2020,23933.9939421065,-0.44453109767983,98.9011091256392,1.59281791364911
EST,Estonia,2021,27951.1659277744,4.65316673847473,98.9011091256392,1.58570663884137
EST,Estonia,2022,28340.3826549406,19.3982634080616,98.9011091256392,1.22967848244244
EST,Estonia,2023,30264.0064885057,9.15922507983982,98.9011091256392,1.17495352017049
EST,Estonia,2024,31428.3547816104,3.52056053296586,98.9011091256392,1.15061249841648
ETH,Ethiopia,2020,829.790982547947,20.3563468559061,48.8302767819942,0.409506869491143
ETH,Ethiopia,2021,893.00983544905,26.8395221557722,48.8302767819942,0.410418210792818
ETH,Ethiopia,2022,982.103161506992,33.8898797100898,48.8302767819942,0.414325120259501
ETH,Ethiopia,2023,1055.81091592527,30.2188278135278,48.8302767819942,0.396956017595771
ETH,Ethiopia,2024,1133.88279681719,21.0377460577711,48.8302767819942,4.76671083897354
FIN,Finland,2020,48828.6846862799,0.290554555653239,99.842681813058,0.22152961877425
FIN,Finland,2021,53099.1351400148,2.19457432340007,99.842681813058,0.226819392667527
FIN,Finland,2022,50440.560224974,7.12350773301402,99.842681813058,0.23606130716
FIN,Finland,2023,52834.2916752703,6.25064322154763,99.842681813058,0.253629995298074
FIN,Finland,2024,53149.7671934051,1.56568906231616,99.842681813058,0.250727316304901
FJI,Fiji,2020,4620.6457238014,-2.59524325887372,,7.50181245102766
FJI,Fiji,2021,4536.73312110335,0.155855722131516,,9.46494841417655
FJI,Fiji,2022,5414.12092119088,4.32011856243056,,9.2173590355123
FJI,Fiji,2023,5926.20586394763,2.34408296633042,,8.75258114713507
FJI,Fiji,2024,6425.74151715712,4.51138256524155,,7.10765055577566
FRA,France,2020,39169.8606000707,0.476498852725066,99.1902372350206,1.13234775294505
FRA,France,2021,43725.0999521245,1.64233141038385,99.1902372350206,1.10053030062383
FRA,France,2022,40988.6396406579,5.22236748369735,99.1902372350206,1.17052155739918
FRA,France,2023,44700.1384177544,4.87835726508441,99.1902372350206,1.20083883326395
FRA,France,2024,46103.0840855884,1.99904942291463,99.1902372350206,1.22689654507268
FRO,Faroe Islands,2020,62243.1905561324,,,
FRO,Faroe Islands,2021,69415.1853254579,,,
FRO,Faroe Islands,2022,67058.2022648126,,,
FRO,Faroe Islands,2023,72465.3769660215,,,
FRO,Faroe Islands,2024,74119.6607553879,,,
FSM,"Micronesia, Fed. Sts.",2020,3362.02802120524,0.554594630853174,,6.25865674879801
FSM,"Micronesia, Fed. Sts.",2021,3508.22314197664,3.19128406597466,,5.95980254436968
FSM,"Micronesia, Fed. Sts.",2022,3710.12451611752,5.40874375479067,,5.61084573906575
FSM,"Micronesia, Fed. Sts.",2023,3919.64307910859,,,5.28659517511293
FSM,"Micronesia, Fed. Sts.",2024,4166.00476748564,,,4.95066979363509
GAB,Gabon,2020,6605.80346077565,1.35276110675333,68.1812562934141,
GAB,Gabon,2021,8181.40914134656,1.0869074651941,68.1812562934141,
GAB,Gabon,2022,8409.2074145028,4.23124798274579,68.1812562934141,
GAB,Gabon,2023,7802.82433276138,3.62901534185376,68.1812562934141,
GAB,Gabon,2024,8230.04311451151,1.17311998381218,68.1812562934141,
GBR,United Kingdom,2020,40812.6794663879,0.989486703772491,99.2843092777584,0.119239810240544
GBR,United Kingdom,2021,47691.3768799404,2.51837109614213,99.2843092777584,0.108356162342484
GBR,United Kingdom,2022,47057.043229179,7.92204883147902,99.2843092777584,0.124639359449125
GBR,United Kingdom,2023,49944.4702124201,6.79396706793963,99.2843092777584,0.13115224032166
GBR,United Kingdom,2024,53246.3676145108,3.2715729463592,99.2843092777584,0.131152727493427
GEO,Georgia,2020,4300.85701291207,5.2024648897534,78.8236410959339,13.1764161481873
GEO,Georgia,2021,5083.60695484577,9.56691433824769,78.8236410959339,14.0238156359641
GEO,Georgia,2022,6729.84659930283,11.8981654203198,78.8236410959339,15.4242760609985
GEO,Georgia,2023,8283.66960652261,2.48776056578715,78.8236410959339,13.6504078223071
GEO,Georgia,2024,9241.49122313713,1.10971758022096,78.8236410959339,11.8704808635887
GHA,Ghana,2020,2195.45481659987,9.88728956269944,81.2430252454858,6.13064485540951
GHA,Ghana,2021,2445.18662529344,9.9710886750444,81.2430252454858,2.45987576586277
GHA,Ghana,2022,2229.89122647803,31.2558951049016,81.2430252454858,2.87894180193646
GHA,Ghana,2023,2383.90410483418,38.1069656296501,81.2430252454858,3.04707983222618
GHA,Ghana,2024,2390.77237652715,22.8483281157842,81.2430252454858,3.67815124775026
GIN,Guinea,2020,1053.66097696415,10.6016203387167,36.0480250155865,0.159915464208879
GIN,Guinea,2021,1244.96550477914,12.5972882566934,36.0480250155865,2.01480853069547
GIN,Guinea,2022,1416.59612011764,10.4930409984424,36.0480250155865,2.64823563849093
GIN,Guinea,2023,1555.49375806861,7.80497591927973,36.0480250155865,2.21728188238975
GIN,Guinea,2024,1694.95375862193,8.12313914948596,36.0480250155865,2.46482438123278
GMB,"Gambia, The",2020,720.335143352133,5.93127636562441,38.1609042069027,22.9790072609688
GMB,"Gambia, The",2021,781.890925169531,7.37034758876618,38.1609042069027,27.1602920462379
GMB,"Gambia, The",2022,836.244875868476,11.5131198380505,38.1609042069027,22.7621227874971
GMB,"Gambia, The",2023,883.024111719809,16.9742129632327,38.1609042069027,21.614131460784
GMB,"Gambia, The",2024,871.340291776294,11.5610532897511,38.1609042069027,21.9990431938039
GNB,Guinea-Bissau,2020,846.915855715971,1.14000939393222,,10.2599707576975
GNB,Guinea-Bissau,2021,926.780921081233,2.24248879577658,,10.8017510631462
GNB,Guinea-Bissau,2022,883.199131457831,9.39075933985203,,10.2284557500648
GNB,Guinea-Bissau,2023,988.087886357022,7.10220928557059,,9.60584703377319
GNB,Guinea-Bissau,2024,1007.74151728028,3.76555825770114,,9.78993549981629
GNQ,Equatorial Guinea,2020,5764.05502912947,4.76669523944228,,
GNQ,Equatorial Guinea,2021,6945.63069794539,-0.0971007664640198,,
GNQ,Equatorial Guinea,2022,7589.29964909381,4.78671704710803,,
GNQ,Equatorial Guinea,2023,6677.793435386,2.85949506037322,,
GNQ,Equatorial Guinea,2024,6745.40013244916,2.92140227309103,,
GRC,Greece,2020,17886.733165236,-1.24798355581405,88.5519759112244,0.31948810676227
GRC,Greece,2021,20654.7001960815,1.22382501019854,88.5519759112244,0.315553946217487
GRC,Greece,2022,20886.5243087629,9.64525981280632,88.5519759112244,0.275508376333916
GRC,Greece,2023,23343.7103964562,3.46480128513405,88.5519759112244,0.223070437548297
GRC,Greece,2024,24626.1481858973,2.74149045788606,88.5519759112244,0.219111411118225
GRD,Grenada,2020,8968.55890108484,-0.740732597045498,,6.75004451212369
GRD,Grenada,2021,9617.28902905373,1.21951193916838,,5.53331501650165
GRD,Grenada,2022,10469.3867012856,2.5805392590792,,5.15147424065455
GRD,Grenada,2023,11414.4781691181,2.69612269814564,,3.0453149517921
GRD,Grenada,2024,11705.0902976658,1.08615365134737,,3.50178163588162
GRL,Greenland,2020,54812.6661771023,,,
GRL,Greenland,2021,58135.9939910203,,,
GRL,Greenland,2022,55635.0006491223,,,
GRL,Greenland,2023,58498.9707973609,,,
GTM,Guatemala,2020,4477.61785000665,3.21444062197345,38.2819483827324,14.6751379764358
GTM,Guatemala,2021,4912.62240414681,4.26105127422813,38.2819483827324,17.8213863093606
GTM,Guatemala,2022,5358.70156997677,6.88512823344287,38.2819483827324,19.0341676606447
GTM,Guatemala,2023,5758.32760847852,6.20657592272126,38.2819483827324,19.1445837880762
GTM,Guatemala,2024,6150.02571438505,2.86992752918294,38.2819483827324,19.1206727962629
GUM,Guam,2020,36482.9363953675,,,
GUM,Guam,2021,38074.8793745801,,,
GUM,Guam,2022,41833.1517132825,,,
GUY,Guyana,2020,6775.70939096303,0.99333702283873,,8.06151198098608
GUY,Guyana,2021,9860.87014834386,5.03285574626702,,6.88301292281138
GUY,Guyana,2022,17913.4928066879,6.11505550109935,,3.66298141565721
GUY,Guyana,2023,20473.7002190617,2.82110335099641,,3.22475315141245
GUY,Guyana,2024,29675.2443873316,2.90395226446373,,2.43282268689805
HKG,"Hong Kong SAR, China",2020,46109.2299946609,0.2509620210808,97.3080247282368,0.123664603893105
HKG,"Hong Kong SAR, China",2021,49770.5642374739,1.56875834445922,97.3080247282368,0.12280410789555
HKG,"Hong Kong SAR, China",2022,48825.8441873536,1.88136707196853,97.3080247282368,0.116680816832558
HKG,"Hong Kong SAR, China",2023,50562.3633144379,2.09660511249089,97.3080247282368,0.119085906031378
HKG,"Hong Kong SAR, China",2024,54074.6928519479,1.72972119105914,97.3080247282368,0.112462521412723
HND,Honduras,2020,2307.61494319511,3.46841177951184,42.4429707366343,23.9319582167015
HND,Honduras,2021,2735.14751503977,4.48087963413445,42.4429707366343,25.5945914762165
HND,Honduras,2022,3003.28996826399,9.08963911525025,42.4429707366343,27.0011044721289
HND,Honduras,2023,3227.45762509776,6.66325180347457,42.4429707366343,26.1039039273527
HND,Honduras,2024,3426.43483328923,4.60621098127107,42.4429707366343,25.6991309025944
HRV,Croatia,2020,14807.5608543265,0.154811374562106,92.6404988027313,7.23744781675256
HRV,Croatia,2021,17788.7865816658,2.55450699642041,92.6404988027313,7.22270488573907
HRV,Croatia,2022,18465.5414420364,10.7805806758686,92.6404988027313,7.52367920790561
HRV,Croatia,2023,22184.2279304842,7.9412817758683,92.6404988027313,7.09611874772375
HRV,Croatia,2024,24050.4397933135,2.97200477643618,92.6404988027313,7.21050944903008
HTI,Haiti,2020,1290.32538667383,22.7963113642528,,22.4512536627714
HTI,Haiti,2021,1841.33189337222,16.8415240198785,,19.0714280484253
HTI,Haiti,2022,1760.62635668777,33.98393194707,,18.7510455649753
HTI,Haiti,2023,1705.75808460999,36.8135162780854,,18.9075125418803
HTI,Haiti,2024,2142.62330526788,26.9490564091987,,16.2978802161959
HUN,Hungary,2020,16386.9308821258,3.32674385766738,86.9605630769545,2.47049834371569
HUN,Hungary,2021,19030.628130329,5.11096534382855,86.9605630769545,2.05117225294059
HUN,Hungary,2022,18428.028825614,14.6081439492433,86.9605630769545,2.2424521145243
HUN,Hungary,2023,22230.6277875187,17.1249659678737,86.9605630769545,2.40983965445182
HUN,Hungary,2024,23292.3263882478,3.70370370370369,86.9605630769545,2.46145540911402
IDN,Indonesia,2020,3853.70288774146,1.91983527270793,56.3278493718021,0.91127727787002
IDN,Indonesia,2021,4287.17313995098,1.56007882983334,56.3278493718021,0.792444188150129
IDN,Indonesia,2022,4730.83484836107,4.20946463714784,56.3278493718021,0.99228904198387
IDN,Indonesia,2023,4876.30774512252,3.66938654859761,56.3278493718021,1.05507286323115
IDN,Indonesia,2024,4925.43048751861,2.18151273615189,56.3278493718021,1.14863323387459
IMN,Isle of Man,2020,79513.5330346598,,,
IMN,Isle of Man,2021,94299.969348965,,,
IMN,Isle of Man,2022,88328.548125887,,,
IND,India,2020,1907.04251637669,6.62343677628535,89.0248224502547,3.10855277353444
IND,India,2021,2239.61384367482,5.13140747176369,89.0248224502547,2.82183503869842
IND,India,2022,2347.44829434623,6.69903414079852,89.0248224502547,3.32391537862222
IND,India,2023,2530.12031278204,5.64914318907925,89.0248224502547,3.28504639847322
IND,India,2024,2694.73780859961,4.95303550973656,89.0248224502547,3.52118550357421
IRL,Ireland,2020,86514.0706108754,-0.326183651280033,98.2929182250875,0.06331314263944
IRL,Ireland,2021,103783.446284479,2.34034113447044,98.2929182250875,0.0339096176869685
IRL,Ireland,2022,105190.685952731,7.82945736434105,98.2929182250875,0.0969814080083862
IRL,Ireland,2023,106818.917130804,6.29942487419125,98.2929182250875,0.100626960522158
IRL,Ireland,2024,112894.953240805,2.11344999577317,98.2929182250875,0.107757774289943
IRN,"Iran, Islamic Rep.",2020,3202.50003502169,30.5941390387295,91.0610044635676,
IRN,"Iran, Islamic Rep.",2021,4605.14881318992,43.3890162681514,91.0610044635676,
IRN,"Iran, Islamic Rep.",2022,4721.20437099984,43.4884641742179,91.0610044635676,
IRN,"Iran, Islamic Rep.",2023,5049.29931642754,44.5791857572797,91.0610044635676,
IRN,"Iran, Islamic Rep.",2024,5190.16959024821,32.455871402917,91.0610044635676,
IRQ,Iraq,2020,4295.18945121228,0.574162679425795,30.1610517779513,0.356221273355833
IRQ,Iraq,2021,4868.49431080783,6.04186489058044,30.1610517779513,0.400349187063478
IRQ,Iraq,2022,6520.73154560584,4.99476596381044,30.1610517779513,0.3822220371914
IRQ,Iraq,2023,5965.31835077761,4.35835351089586,30.1610517779513,0.432049782942699
IRQ,Iraq,2024,6073.61032342708,-12.2969837587007,30.1610517779513,0.248997592822188
ISL,Iceland,2020,60127.9393575616,2.84792401518665,99.8548358099717,0.759557117718073
ISL,Iceland,2021,70425.4064277273,4.44423970189739,99.8548358099717,0.73686487544575
ISL,Iceland,2022,76350.4550416502,8.3087551155892,99.8548358099717,0.667749932634084
ISL,Iceland,2023,82138.7892973557,8.73630299937298,99.8548358099717,0.697213311817886
ISL,Iceland,2024,86040.5309851288,5.85683849970066,99.8548358099717,0.739962768086762
ISR,Israel,2020,44575.5719045492,-0.575254620897756,89.2691974119826,0.251406904480002
ISR,Israel,2021,52270.9040241956,1.47965474722561,89.2691974119826,0.25111689451007
ISR,Israel,2022,54949.621556429,4.41162725488371,89.2691974119826,0.240907416807883
ISR,Israel,2023,52003.7200729997,4.22522603168918,89.2691974119826,0.193309194499678
ISR,Israel,2024,54176.6844383302,3.07480889805025,89.2691974119826,0.176227865346397
ITA,Italy,2020,32091.4866621366,-0.13770757391651,86.0191093278992,0.518407597996087
ITA,Italy,2021,36852.5425414951,1.87378325762481,86.0191093278992,0.463652112501098
ITA,Italy,2022,35653.9042103495,8.20128991161718,86.0191093278992,0.466821575656975
ITA,Italy,2023,39277.0838783918,5.62219442195901,86.0191093278992,0.522413573707348
ITA,Italy,2024,40385.3413957669,0.982373023061417,86.0191093278992,0.468400220480969
JAM,Jamaica,2020,5299.04530804283,5.2267777929352,73.3003615105011,20.4455313500087
JAM,Jamaica,2021,5625.67806271236,5.86278242801063,73.3003615105011,23.2192733527292
JAM,Jamaica,2022,6626.47502388538,10.3495688391272,73.3003615105011,19.6005613796812
JAM,Jamaica,2023,7542.40084275345,6.47413734662063,73.3003615105011,16.8113957088423
JAM,Jamaica,2024,7753.8006955432,5.41194447981659,73.3003615105011,16.1911212088802
JOR,Jordan,2020,4022.0401356135,0.333294350628378,46.4573138115455,11.0277178090294
JOR,Jordan,2021,4183.49998326866,1.34609377243118,46.4573138115455,10.9558097995849
JOR,Jordan,2022,4332.25159897931,4.22915568897117,46.4573138115455,9.78565654560806
JOR,Jordan,2023,4466.08314208575,2.08486986327134,46.4573138115455,8.5342141956866
JOR,Jordan,2024,4618.09592498567,1.55659611283953,46.4573138115455,8.30541068744501
JPN,Japan,2020,40028.7341726762,-0.024995834027731,98.5235592091779,0.0967099102397569
JPN,Japan,2021,40094.5599795288,-0.233352779398264,98.5235592091779,0.105055336492197
JPN,Japan,2022,34065.6438962526,2.49770278172255,98.5235592091779,0.126874933673179
JPN,Japan,2023,33836.1756271617,3.26813365933163,98.5235592091779,0.111846653062437
JPN,Japan,2024,32487.0778047567,2.73853681635241,98.5235592091779,0.115309420280122
KAZ,Kazakhstan,2020,8781.50797787648,6.71815454861464,87.0486447464415,0.218836862121885
KAZ,Kazakhstan,2021,9983.60103576902,8.04147134028391,87.0486447464415,0.157213071084416
KAZ,Kazakhstan,2022,11255.3396437881,15.0278644440851,87.0486447464415,0.213219830288597
KAZ,Kazakhstan,2023,12879.4275257974,14.7249900200331,87.0486447464415,0.115996073438374
KAZ,Kazakhstan,2024,14154.6324958076,8.83943897452672,87.0486447464415,0.08260553410117
KEN,Kenya,2020,1927.66459027849,5.40516207933392,90.1199173733613,3.08763090265523
KEN,Kenya,2021,2061.35622089594,6.10793603659176,90.1199173733613,3.43661248510652
KEN,Kenya,2022,2109.56288513137,7.65986268272224,90.1199173733613,3.54717907214312
KEN,Kenya,2023,1942.58802756191,7.67139634029402,90.1199173733613,3.93262959527649
KEN,Kenya,2024,2132.43452097647,4.48978854243448,90.1199173733613,4.15476886041749
KGZ,Kyrgyz Republic,2020,1229.51766602907,6.32542296338078,72.2642375946654,31.8069826721848
KGZ,Kyrgyz Republic,2021,1349.99730650542,11.9050398185147,72.2642375946654,32.5635356064056
KGZ,Kyrgyz Republic,2022,1739.72018344174,13.9229093174176,72.2642375946654,26.5775606386275
KGZ,Kyrgyz Republic,2023,2138.22210211478,10.7532770416742,72.2642375946654,18.773661768124
KGZ,Kyrgyz Republic,2024,2420.18542283831,,72.2642375946654,17.7363196361325
KHM,Cambodia,2020,2081.73914242939,2.9402951426397,39.0314428535,7.43222431717955
KHM,Cambodia,2021,2167.40324198499,2.92073477592949,39.0314428535,6.90078241933383
KHM,Cambodia,2022,2325.03050040841,5.34370264895437,39.0314428535,6.54093545373445
KHM,Cambodia,2023,2429.74853452838,2.12746796594194,39.0314428535,6.57102335601563
KHM,Cambodia,2024,2627.87969756224,0.808042016536654,39.0314428535,6.10087598628419
KIR,Kiribati,2020,1751.78249168214,2.5532455441463,,6.75249341214795
KIR,Kiribati,2021,2222.04819501897,2.05361676773907,,4.68288762879597
KIR,Kiribati,2022,2069.7671726925,5.34595440908904,,10.4091518739003
KIR,Kiribati,2023,2177.70125812262,9.28307374517721,,4.03045512960932
KIR,Kiribati,2024,2288.63471423684,2.45545072159028,,4.76134134687174
KNA,St. Kitts and Nevis,2020,18859.0190361046,-1.16724501769353,,3.57085817002501
KNA,St. Kitts and Nevis,2021,18361.1449697886,1.195688870384,,4.31644848767189
KNA,St. Kitts and Nevis,2022,21011.5744209816,2.66817533111249,,3.82742435449419
KNA,St. Kitts and Nevis,2023,22576.9248439166,3.55711230848243,,3.52308673594689
KNA,St. Kitts and Nevis,2024,23960.6534357084,,,3.45137989407512
KOR,"Korea, Rep.",2020,33645.7719545073,0.537288023411737,96.8949448884961,0.426290161624685
KOR,"Korea, Rep.",2021,37518.4635305697,2.49833333333339,96.8949448884961,0.398612260944612
KOR,"Korea, Rep.",2022,34822.4048404971,5.08951365062842,96.8949448884961,0.434292552000758
KOR,"Korea, Rep.",2023,35674.095995632,3.5974562502901,96.8949448884961,0.381341957760895
KOR,"Korea, Rep.",2024,36238.639908315,2.32174328643542,96.8949448884961,0.397219091099879
KWT,Kuwait,2020,25236.0755848941,2.101729548274,74.4578561430281,0.0202777033196997
KWT,Kuwait,2021,34018.6342592913,3.42362947609188,74.4578561430281,0.543748747830022
KWT,Kuwait,2022,39981.7691035833,3.98064961990313,74.4578561430281,0.012043935758368
KWT,Kuwait,2023,34075.849012909,3.64216403030709,74.4578561430281,0.0128691395027413
KWT,Kuwait,2024,32717.7186631255,2.89855072463762,74.4578561430281,0.0127258921481448
LAO,Lao PDR,2020,2583.77730696131,5.10407262959919,37.6501969468659,1.22309812418047
LAO,Lao PDR,2021,2526.05105018529,3.75562036658877,37.6501969468659,1.16599964631609
LAO,Lao PDR,2022,2046.40440255621,22.9562225132056,37.6501969468659,1.54993514268783
LAO,Lao PDR,2023,2066.94979776957,31.2301341732646,37.6501969468659,1.81268457051843
LAO,Lao PDR,2024,2123.97909415109,23.1305695942588,37.6501969468659,1.49419709212958
LBN,Lebanon,2020,5561.19166950397,84.8643330472041,23.0438575680739,20.7914353641318
LBN,Lebanon,2021,4045.37391066234,154.756096023393,23.0438575680739,27.4664867984856
LBN,Lebanon,2022,3654.35845534878,171.205491336641,23.0438575680739,30.6555163782975
LBN,Lebanon,2023,3477.72489842684,221.341644023365,23.0438575680739,33.349773045666
LBN,Lebanon,2024,,45.2430422716718,23.0438575680739,
LBR,Liberia,2020,616.787867006715,16.9557241496255,52.2139331485699,13.1296865672502
LBR,Liberia,2021,667.96610514319,7.81559385858648,52.2139331485699,24.6213565214495
LBR,Liberia,2022,744.617175237387,7.59298486560313,52.2139331485699,21.9115282607278
LBR,Liberia,2023,799.194470229642,10.0944535665552,52.2139331485699,21.6447627671982
LBR,Liberia,2024,851.497723870206,8.21497439118964,52.2139331485699,21.2758383451019
LBY,Libya,2020,6650.33810585348,1.44703656998741,33.1190908215163,
LBY,Libya,2021,4935.82787349801,2.86833027751019,33.1190908215163,
LBY,Libya,2022,5986.63694851258,4.51030149235703,33.1190908215163,
LBY,Libya,2023,6026.51518708812,2.37317531435169,33.1190908215163,
LBY,Libya,2024,6569.16408678648,2.12615766885025,33.1190908215163,
LCA,St. Lucia,2020,8411.07474936367,-1.75580833517594,,3.76083240284187
LCA,St. Lucia,2021,10459.1321248092,2.41070312174393,,3.38786200261832
LCA,St. Lucia,2022,13103.8243147472,6.37814695133351,,2.64606338325431
LCA,St. Lucia,2023,13554.7684784933,4.07060821926204,,2.60430767589481
LCA,St. Lucia,2024,14181.6303351598,-0.110283575834694,,2.37908325063531
LIE,Liechtenstein,2020,164671.093553454,,,
LIE,Liechtenstein,2021,201944.830335076,,,
LIE,Liechtenstein,2022,188055.003235348,,,
LIE,Liechtenstein,2023,206780.590353385,,,
LKA,Sri Lanka,2020,3847.60137695639,6.15394508391738,81.6921293527248,8.46666948979071
LKA,Sri Lanka,2021,3996.96240014909,7.01478071238195,81.6921293527248,6.23540007343764
LKA,Sri Lanka,2022,3342.63650253855,49.7211021114327,81.6921293527248,5.1513598897261
LKA,Sri Lanka,2023,3798.89016573011,16.5411742279832,81.6921293527248,7.19406597922512
LKA,Sri Lanka,2024,4515.56787322732,-0.42936004906973,81.6921293527248,6.79203842044984
LSO,Lesotho,2020,918.582574704447,4.97809676252309,61.5710444951092,21.9061888556538
LSO,Lesotho,2021,1066.58645143823,6.04774591950676,61.5710444951092,19.6700805338208
LSO,Lesotho,2022,1030.12582947757,8.27180389943028,61.5710444951092,22.6158645366655
LSO,Lesotho,2023,916.282976983803,6.34221743124953,61.5710444951092,22.651667938661
LSO,Lesotho,2024,971.90771824829,6.10544624245032,61.5710444951092,20.9449474559221
LTU,Lithuania,2020,20428.6478157394,1.19989444983569,98.9947155941499,1.37702741376978
LTU,Lithuania,2021,23870.4594851722,4.68354420903453,98.9947155941499,1.16066302778464
LTU,Lithuania,2022,25085.784063499,19.7050461518394,98.9947155941499,1.03605141610571
LTU,Lithuania,2023,27786.0057829276,9.11731962390475,98.9947155941499,1.22409792475394
LTU,Lithuania,2024,29384.0189598663,0.715735835228723,98.9947155941499,1.23863135593181
LUX,Luxembourg,2020,116860.02817236,0.819957302127036,,3.16202010200796
LUX,Luxembourg,2021,134965.815442152,2.52692009066166,,2.83766550948833
LUX,Luxembourg,2022,123719.658915996,6.33600807777919,,2.77413838196924
LUX,Luxembourg,2023,133230.619178899,3.74140361983136,,2.83927238374381
LUX,Luxembourg,2024,137781.681659123,2.05113269954859,,2.6796497771042
LVA,Latvia,2020,17564.2321549354,0.219064904842156,94.9733099977296,3.26049152549512
LVA,Latvia,2021,20261.8887788916,3.27582937431156,94.9733099977296,3.45020908059925
LVA,Latvia,2022,20221.103686109,17.3102830198815,94.9733099977296,3.40541390123867
LVA,Latvia,2023,22710.2637544197,8.93804623316637,94.9733099977296,2.88631577171599
LVA,Latvia,2024,23409.0845154775,1.26579885828729,94.9733099977296,3.06291232632615
MAC,"Macao SAR, China",2020,36883.6652578543,0.811410511491651,,0.260161303896113
MAC,"Macao SAR, China",2021,44884.8961602393,0.0264543647054126,,0.241236232450953
MAC,"Macao SAR, China",2022,36806.891255461,1.04502802369954,,0.358810914849254
MAC,"Macao SAR, China",2023,67216.3631112124,0.476384495788075,,0.244410216664406
MAC,"Macao SAR, China",2024,72004.7437020733,,,0.274199540982429
MAF,St. Martin (French part),2021,21668.3776525323,,,
MAR,Morocco,2020,3268.0302734375,0.705968661338261,44.3863291468524,6.10953091862088
MAR,Morocco,2021,3785.93627929688,1.40195883962006,44.3863291468524,7.67928536986343
MAR,Morocco,2022,3463.1376953125,6.65704202759067,44.3863291468524,8.51110257085938
MAR,Morocco,2023,3813.72607421875,6.09114152504141,44.3863291468524,8.0456838833246
MAR,Morocco,2024,4153.1943359375,0.985256592004507,44.3863291468524,7.78959024287823
MCO,Monaco,2020,176891.886538492,,,
MCO,Monaco,2021,223823.363960226,,,
MCO,Monaco,2022,226052.001905201,,,
MCO,Monaco,2023,256799.788612806,,,
MCO,Monaco,2024,288001.433369041,,,
MDA,Moldova,2020,4375.7788930524,3.76597122245351,55.544249263449,16.274922384411
MDA,Moldova,2021,5274.60582195352,5.10641129002841,55.544249263449,15.4787484391198
MDA,Moldova,2022,5744.29618434435,28.7372976766235,55.544249263449,14.0294158168182
MDA,Moldova,2023,6799.58594644576,13.4170104381299,55.544249263449,12.0387300286119
MDA,Moldova,2024,7576.19589413326,4.67773516007052,55.544249263449,10.5371328507027
MDG,Madagascar,2020,450.771615201509,4.20179312190557,24.4501397197571,3.79541630464955
MDG,Madagascar,2021,483.469463351195,5.81225118787715,24.4501397197571,3.06318819411447
MDG,Madagascar,2022,503.51453347296,8.16059031991844,24.4501397197571,2.5140303045849
MDG,Madagascar,2023,508.718427705591,9.87432675044888,24.4501397197571,1.96254272292413
MDG,Madagascar,2024,544.987501003384,,24.4501397197571,2.33207727287572
MDV,Maldives,2020,7393.8886543933,-1.36977425569811,,0.125253487973412
MDV,Maldives,2021,10176.143882547,0.543149688737013,,0.0929598229658775
MDV,Maldives,2022,11786.0191492983,2.33314337624567,,0.0829967046687048
MDV,Maldives,2023,12587.6126038651,2.92746542425035,,0.0813040657047612
MDV,Maldives,2024,13379.3513577224,1.39979779674928,,0.0800427681119482
MEX,Mexico,2020,8841.27075039868,3.39683415570006,53.0320833316729,3.92284685483306
MEX,Mexico,2021,10314.0506722115,5.68920847683753,53.0320833316729,4.1826148147438
MEX,Mexico,2022,11405.7940473759,7.8962761916855,53.0320833316729,4.18953324624702
MEX,Mexico,2023,13860.9597809326,5.52796087314389,53.0320833316729,3.68332313946646
MEX,Mexico,2024,14185.7812248529,4.72225588452932,53.0320833316729,3.64356639704934
MHL,Marshall Islands,2020,5661.96787336674,,,13.8337688172043
MHL,Marshall Islands,2021,6315.31279603534,,,13.1868480569462
MHL,Marshall Islands,2022,6455.66062185762,,,13.3153932942448
MHL,Marshall Islands,2023,6793.24495895856,,,13.0610707953587
MHL,Marshall Islands,2024,7726.33668877794,,,11.8748861852198
MKD,North Macedonia,2020,6659.59651070776,1.20007348888487,84.2548648905347,3.80294753811177
MKD,North Macedonia,2021,7620.80296977508,3.23074912132919,84.2548648905347,3.49738517482887
MKD,North Macedonia,2022,7606.2375253797,14.2047173195833,84.2548648905347,3.27695424528674
MKD,North Macedonia,2023,8674.35846327485,9.36187249769016,84.2548648905347,2.9167769810413
MKD,North Macedonia,2024,9291.85661671864,3.48974086026947,84.2548648905347,2.70304622678412
MLI,Mali,2020,953.242943290974,0.438088940320669,54.7454806007539,4.81742226778366
MLI,Mali,2021,1027.27345365357,3.92560283104277,54.7454806007539,4.91954656262131
MLI,Mali,2022,976.914116406452,9.62147608489064,54.7454806007539,4.91124884987894
MLI,Mali,2023,1043.9533853528,2.05880228274223,54.7454806007539,4.21188284183315
MLI,Mali,2024,1094.61949265799,3.2063986409966,54.7454806007539,3.98934711923809
MLT,Malta,2020,31823.4363934505,0.638544956776712,96.5581295334766,0.0836102022672292
MLT,Malta,2021,38096.8360735119,1.49789217934724,96.5581295334766,0.0707898754533939
MLT,Malta,2022,35638.8869457406,6.15375621933037,96.5581295334766,0.0652156235713647
MLT,Malta,2023,40905.8059585057,5.09396758978883,96.5581295334766,0.0688948837122508
MLT,Malta,2024,43898.5781808597,1.65079469283109,96.5581295334766,0.0627275385087571
MMR,Myanmar,2020,1490.21683599469,,47.7910290706127,3.38146514688484
MMR,Myanmar,2021,1242.7213439951,,47.7910290706127,1.93245858367708
MMR,Myanmar,2022,1158.05005055976,,47.7910290706127,2.02532247815274
MMR,Myanmar,2023,1233.19666209269,,47.7910290706127,1.64775199666723
MMR,Myanmar,2024,1359.05001560107,,47.7910290706127,1.55261998869075
MNE,Montenegro,2020,7538.53635992191,-0.255655699848551,75.4116297013886,12.7171404950588
MNE,Montenegro,2021,9317.15520065156,2.41080198403165,75.4116297013886,13.6031501601644
MNE,Montenegro,2022,10024.5435616209,13.0403036347004,75.4116297013886,13.2797410517214
MNE,Montenegro,2023,12259.8775034436,8.58476910455403,75.4116297013886,10.5300863110362
MNE,Montenegro,2024,13263.3281277699,3.33675009282281,75.4116297013886,10.3409065632717
MNG,Mongolia,2020,4001.25193077703,3.7237230614026,98.2787007982729,4.12254263505693
MNG,Mongolia,2021,4517.61578018785,7.35894657888155,98.2787007982729,3.08222219088585
MNG,Mongolia,2022,4993.51487463495,15.1509728200805,98.2787007982729,2.32831928767738
MNG,Mongolia,2023,5838.63108083902,10.347583131434,98.2787007982729,2.23995468059518
MNG,Mongolia,2024,6750.6301157724,6.20713301510303,98.2787007982729,2.217677569671
MNP,Northern Mariana Islands,2020,18220.8382427201,,,
MNP,Northern Mariana Islands,2021,19455.50139424,,,
MNP,Northern Mariana Islands,2022,23785.754590043,,,
MOZ,Mozambique,2020,462.433876479921,3.48393567493204,54.38528750107,1.13844765742436
MOZ,Mozambique,2021,509.907829475551,6.40847652975692,54.38528750107,1.2485624975782
MOZ,Mozambique,2022,578.251663751351,10.2794018093421,54.38528750107,0.880109212306658
MOZ,Mozambique,2023,622.000297682823,7.12697482131851,54.38528750107,1.21711183933379
MOZ,Mozambique,2024,656.776824637306,4.07856834812022,54.38528750107,1.17349235648113
MRT,Mauritania,2020,1795.76459566714,2.3856948845632,27.3142609920985,2.04176529806242
MRT,Mauritania,2021,1947.78918383313,3.56516484650185,27.3142609920985,0.142859017328482
MRT,Mauritania,2022,1960.35240077424,9.52526628622843,27.3142609920985,1.14343949600414
MRT,Mauritania,2023,2135.78187606359,4.95305034506872,27.3142609920985,1.56372947461603
MRT,Mauritania,2024,2110.12036938187,2.49164347481972,27.3142609920985,0.866706864831731
MUS,Mauritius,2020,9135.84773751062,2.5808007718283,89.5984480347546,2.46174617403058
MUS,Mauritius,2021,9177.71195973013,4.02852888157376,89.5984480347546,2.3444626925632
MUS,Mauritius,2022,10246.5017455553,10.7737512242899,89.5984480347546,2.11679538005685
MUS,Mauritius,2023,11269.9684462139,7.05298238454736,89.5984480347546,2.24116402633618
MUS,Mauritius,2024,11990.7798944837,3.6045220384796,89.5984480347546,1.92045282657077
MWI,Malawi,2020,602.507478176106,8.62551469650552,50.3696725002439,1.9682614672589
MWI,Malawi,2021,617.446994451007,9.33014410835212,50.3696725002439,2.57418486200992
MWI,Malawi,2022,604.269740360317,20.953969729969,50.3696725002439,2.12676683960859
MWI,Malawi,2023,633.214767978695,28.7897428247298,50.3696725002439,1.35282219243253
MWI,Malawi,2024,522.570393642547,32.1796504225025,50.3696725002439,1.65044236586352
MYS,Malaysia,2020,9957.52626697613,-1.1387021539305,88.6918012421116,0.422776119475248
MYS,Malaysia,2021,10903.1037480772,2.47710241465447,88.6918012421116,0.415301972862394
MYS,Malaysia,2022,11754.5678336248,3.37869862549928,88.6918012421116,0.396663370541767
MYS,Malaysia,2023,11386.0395636528,2.48886560125754,88.6918012421116,0.426163280659906
MYS,Malaysia,2024,11874.4273684245,1.834100204499,88.6918012421116,0.380193528996402
NAM,Namibia,2020,3878.58982993966,2.20938236933469,72.9187672893525,0.571164175639804
NAM,Namibia,2021,4412.8355693052,3.61690530108814,72.9187672893525,0.50776120762883
NAM,Namibia,2022,4349.79908493314,6.08128114112413,72.9187672893525,0.56572462364198
NAM,Namibia,2023,4187.60500396525,5.87993463284275,72.9187672893525,0.67588741519345
NAM,Namibia,2024,4413.12752211572,4.23903922877036,72.9187672893525,0.722779284069506
NCL,New Caledonia,2020,33270.330597637,,,6.56886362335795
NCL,New Caledonia,2021,35311.5543551452,,,6.16661854240273
NCL,New Caledonia,2022,33516.363085906,,,6.45371658177669
NCL,New Caledonia,2023,33701.8923322781,,,6.35736580329036
NCL,New Caledonia,2024,29213.1923192946,,,7.2647978968705
NER,Niger,2020,579.512495758236,2.8981937602627,14.8268991865027,3.79015553084902
NER,Niger,2021,608.722439593808,3.8378680284051,14.8268991865027,2.3689652189354
NER,Niger,2022,609.745147574878,4.22621791916392,14.8268991865027,4.69902875888469
NER,Niger,2023,638.336080897887,3.70097316425834,14.8268991865027,3.73586664871377
NER,Niger,2024,735.270255787226,9.07151997725013,14.8268991865027,3.27220354462246
NGA,Nigeria,2020,2797.18458068686,13.2460234276597,63.2613514491542,2.87469533136236
NGA,Nigeria,2021,2787.48779224428,16.9528457221608,63.2613514491542,3.19846919163264
NGA,Nigeria,2022,2899.16047470324,18.8471877843274,63.2613514491542,3.11115327874995
NGA,Nigeria,2023,2138.76383719983,24.659550203114,63.2613514491542,4.01108712396646
NGA,Nigeria,2024,1084.16041805436,33.2420966545406,63.2613514491542,8.44081449065528
NIC,Nicaragua,2020,1938.44704754382,3.68181341625572,23.470592686629,14.575973804427
NIC,Nicaragua,2021,2138.38588469449,4.92841396948968,23.470592686629,15.1305293767625
NIC,Nicaragua,2022,2322.89053964583,10.4674244465991,23.470592686629,20.641434228789
NIC,Nicaragua,2023,2609.44492072931,8.38765854872536,23.470592686629,26.1841025303411
NIC,Nicaragua,2024,2847.53966339498,4.62473841057141,23.470592686629,26.6355465455205
NLD,Netherlands,2020,53467.9277413737,1.27246037789161,99.171512250031,0.388424031122952
NLD,Netherlands,2021,60141.9880911492,2.67572008805385,99.171512250031,0.375241954774634
NLD,Netherlands,2022,59123.318556487,10.0012078753473,99.171512250031,0.363880236566379
NLD,Netherlands,2023,63515.6030780019,3.83839354342808,99.171512250031,0.376317382521895
NLD,Netherlands,2024,67520.4218956281,3.34754304219953,99.171512250031,0.388451107837284
NOR,Norway,2020,68340.0181033702,1.28658490708005,98.5561571037813,0.160215794441589
NOR,Norway,2021,93072.8925119571,3.48388055266678,98.5561571037813,0.133458167667193
NOR,Norway,2022,109269.520580298,5.76412317852272,98.5561571037813,0.166877429076805
NOR,Norway,2023,87497.2179649556,5.51784987104659,98.5561571037813,0.199055742031322
NOR,Norway,2024,86785.4334489176,3.14530134431073,98.5561571037813,0.195829932747648
NPL,Nepal,2020,1154.21517578318,5.05635826238499,59.9911157064883,24.2502461023191
NPL,Nepal,2021,1252.75076731986,4.12676744440695,59.9911157064883,22.2775786274327
NPL,Nepal,2022,1385.91066274851,7.6702057938028,59.9911157064883,22.8532966744987
NPL,Nepal,2023,1382.33055769304,7.11587261530826,59.9911157064883,26.2241089254704
NPL,Nepal,2024,1447.31004458428,4.6850965426577,59.9911157064883,26.2254579224946
NRU,Nauru,2020,10709.068810538,,,1.99206399992649
NRU,Nauru,2021,14979.099896799,,,0.678830832555516
NRU,Nauru,2022,12911.9086441381,,,0.602937030540182
NRU,Nauru,2023,12752.4723855838,,,0.581505112363576
NRU,Nauru,2024,13609.158837552,,,1.37470588834142
NZL,New Zealand,2020,41997.7830324279,1.71456170007245,97.8647563722742,0.201139555395712
NZL,New Zealand,2021,49950.4251691316,3.94112060778728,97.8647563722742,0.181869893800898
NZL,New Zealand,2022,49099.7090423358,7.17222476016441,97.8647563722742,0.163202042580004
NZL,New Zealand,2023,49075.9562832927,5.73316283034957,97.8647563722742,0.217780673020847
NZL,New Zealand,2024,49205.1792146792,2.92279782301957,97.8647563722742,0.229921226554764
OMN,Oman,2020,16784.8630630058,-0.40640291946585,69.5361597212358,0.051392391185177
OMN,Oman,2021,19403.4600160211,1.68221185876085,69.5361597212358,0.044674767691208
OMN,Oman,2022,23223.5829405935,2.5061425061425,69.5361597212358,0.0355127088147278
OMN,Oman,2023,21027.7384778886,0.950782997762827,69.5361597212358,0.0367429345768847
OMN,Oman,2024,20285.2272897377,0.593589236248469,69.5361597212358,0.0364128462934954
PAK,Pakistan,2020,1278.39735206896,9.73999313898155,27.2960071761925,8.68401332889248
PAK,Pakistan,2021,1455.31922370186,9.49621056124947,27.2960071761925,8.98436279286431
PAK,Pakistan,2022,1538.3228133171,19.8738599646655,27.2960071761925,8.04928811142895
PAK,Pakistan,2023,1360.32417758419,30.7681280657005,27.2960071761925,7.88805370627643
PAK,Pakistan,2024,1478.77277977996,12.6325318530452,27.2960071761925,9.39634523470825
PAN,Panama,2020,13290.5608397749,-1.5502754080376,64.0952131164981,0.677425906962669
PAN,Panama,2021,15509.8069124139,1.63070337301898,64.0952131164981,0.840846144291105
PAN,Panama,2022,17378.6070017557,2.85965128834711,64.0952131164981,0.688288624434384
PAN,Panama,2023,18797.1933994045,1.48641355277038,64.0952131164981,0.61528196708061
PAN,Panama,2024,19161.2188501596,0.693225551004538,64.0952131164981,0.614386086922541
PER,Peru,2020,6133.32552410183,2.00241205759292,59.3098978248017,1.44323462669192
PER,Peru,2021,6826.20255614477,4.27166381536798,59.3098978248017,1.59410803597792
PER,Peru,2022,7350.63034300417,8.33370630096231,59.3098978248017,1.50805544629239
PER,Peru,2023,7887.54185920108,6.45561348369586,59.3098978248017,1.66573125648714
PER,Peru,2024,8452.37167056621,2.00770739412712,59.3098978248017,1.70587702107004
PHL,Philippines,2020,3227.57910235199,2.3931623931624,50.1824221429254,9.64277376552076
PHL,Philippines,2021,3484.38593882819,3.92718022100332,50.1824221429254,9.30892916286057
PHL,Philippines,2022,3548.06930572116,5.82115811213955,50.1824221429254,9.40977059288243
PHL,Philippines,2023,3804.08274131097,5.97802515541409,50.1824221429254,8.9455180769963
PHL,Philippines,2024,3984.8315387656,3.21260487006347,50.1824221429254,8.72571015588724
PLW,Palau,2020,14708.2119536914,0.218181818181833,,0.869736323308816
PLW,Palau,2021,13009.2481630213,2.6124818577648,,0.813509056761199
PLW,Palau,2022,13729.7602761496,12.3526638378124,,0.867008831476758
PLW,Palau,2023,15610.8231931032,12.8199748216534,,0.801494399695455
PLW,Palau,2024,,2.23172772921704,,
PNG,Papua New Guinea,2020,2429.61134585269,4.87167398565555,,0.0096322872327258
PNG,Papua New Guinea,2021,2607.57861874444,4.48359014042398,,0.0118878811753718
PNG,Papua New Guinea,2022,3102.28968594061,5.25323922215241,,0.0461891584363272
PNG,Papua New Guinea,2023,2966.06830432055,2.29869991296791,,0.0438264845503834
PNG,Papua New Guinea,2024,3006.70564478923,0.602403921107917,,0.0121574533707842
POL,Poland,2020,16150.9304813473,3.37446972618589,86.1367117566539,1.22756646645785
POL,Poland,2021,18635.5104895754,5.05502704719272,86.1367117566539,1.15051400179387
POL,Poland,2022,18891.2121169279,14.4294507575758,86.1367117566539,1.08739487666547
POL,Poland,2023,22145.2660647429,11.5289127961105,86.1367117566539,1.05114006470983
POL,Poland,2024,25103.565661423,3.7842600751287,86.1367117566539,0.946863310070558
PRI,Puerto Rico (US),2020,31427.1130762831,,,
PRI,Puerto Rico (US),2021,32619.0704601174,,,
PRI,Puerto Rico (US),2022,35353.6821570014,,,
PRI,Puerto Rico (US),2023,36980.7884784287,,,
PRI,Puerto Rico (US),2024,39343.7154660139,,,
PRT,Portugal,2020,22299.4044062173,-0.0124383299575305,91.3973440748621,0.441863851659828
PRT,Portugal,2021,24711.4510062111,1.26565719069044,91.3973440748621,0.533906496255148
PRT,Portugal,2022,24620.5197587181,7.83269124233323,91.3973440748621,0.631570715588484
PRT,Portugal,2023,27634.6183139773,4.31128191898672,91.3973440748621,0.593684256641103
PRT,Portugal,2024,29292.242104753,2.41613187791884,91.3973440748621,0.587878277306539
PRY,Paraguay,2020,5365.47220721104,1.76751592356698,60.9167610080401,2.13482355166227
PRY,Paraguay,2021,5976.93179789949,4.787983101236,60.9167610080401,2.06503711459361
PRY,Paraguay,2022,6205.62595379319,9.76556667164402,60.9167610080401,2.0705208418379
PRY,Paraguay,2023,6299.99026533713,4.63202285403356,60.9167610080401,2.15882477388687
PRY,Paraguay,2024,6416.09708970845,3.83540271728533,60.9167610080401,2.55624323347034
PSE,West Bank and Gaza,2020,3233.56863835858,-0.735332001092191,39.6209836077699,16.4802362028661
PSE,West Bank and Gaza,2021,3678.63565662194,1.23748102831369,39.6209836077699,20.7657096918972
PSE,West Bank and Gaza,2022,3799.95527015163,3.74122391852077,39.6209836077699,23.9769674621994
PSE,West Bank and Gaza,2023,3455.02852911712,5.87110177678988,39.6209836077699,18.1771962667696
PSE,West Bank and Gaza,2024,2592.30591217647,53.6691458303782,39.6209836077699,5.3650527788254
PYF,French Polynesia,2020,19966.4838503859,,,10.4319042883246
PYF,French Polynesia,2021,21426.3854449835,,,9.70086346684872
PYF,French Polynesia,2022,20053.9569369322,,,10.3430967396847
PYF,French Polynesia,2023,21832.2831795569,,,9.47560150002337
PYF,French Polynesia,2024,22439.8838746025,,,9.19649240295878
QAT,Qatar,2020,51683.5681078949,-2.5403150300476,,0.45124396470709
QAT,Qatar,2021,71751.9363398856,2.30446565742003,,0.47781726470251
QAT,Qatar,2022,88701.4689763536,4.99527553740761,,0.437654869216368
QAT,Qatar,2023,81816.9797967481,3.02764899198902,,0.661312283265676
QAT,Qatar,2024,76688.6941743178,1.26734310292375,,0.658475315636936
ROU,Romania,2020,13009.1770573223,2.63107311184743,71.3366719002898,3.0426851754726
ROU,Romania,2021,14907.9803652143,5.05232876096582,71.3366719002898,3.19771739842693
ROU,Romania,2022,15503.551804598,13.7954887432521,71.3366719002898,2.97350172599786
ROU,Romania,2023,18244.4186876321,10.3971874764996,71.3366719002898,2.86550550052392
ROU,Romania,2024,20080.2096215595,5.72140574354439,71.3366719002898,2.490134665764
RUS,Russian Federation,2020,10108.3271484375,3.38219796948068,79.3421267068262,0.66406336325159
RUS,Russian Federation,2021,12425.029296875,6.69445891957612,79.3421267068262,0.527388477992061
RUS,Russian Federation,2022,15619.6142578125,13.7436797398232,79.3421267068262,0.141610832659861
RUS,Russian Federation,2023,14159.3876953125,5.86571931748967,79.3421267068262,0.126306674820383
RUS,Russian Federation,2024,14889.0185546875,8.43486410496723,79.3421267068262,0.0877632981361672
RWA,Rwanda,2020,778.701498925026,9.85039902274207,,2.75268804314647
RWA,Rwanda,2021,829.544845263697,-0.391346748300791,,3.53118438933187
RWA,Rwanda,2022,975.469323735369,17.6892095588153,,3.56076089404595
RWA,Rwanda,2023,1027.03446826565,19.789546746467,,3.61478178775368
RWA,Rwanda,2024,999.65456165547,1.77029240198635,,3.62796016715467
SAU,Saudi Arabia,2020,24338.8307301067,3.37234961012303,78.8409517231945,0.0393583696631861
SAU,Saudi Arabia,2021,31920.7653655643,3.06328988941548,78.8409517231945,0.0300118046534322
SAU,Saudi Arabia,2022,38510.2276211037,2.47407371925372,78.8409517231945,0.0231657002868662
SAU,Saudi Arabia,2023,36156.848337701,2.32708518362699,78.8409517231945,0.0256318852551406
SAU,Saudi Arabia,2024,35121.6628687742,1.68792112375809,78.8409517231945,0.0273000004265027
SDN,Sudan,2020,577.795227050781,163.257782355458,,1.8323008553696
SDN,Sudan,2021,712.122009277344,359.093040778999,,3.26916579487434
SDN,Sudan,2022,1046.24084472656,138.80846024176,,2.90211266882246
SDN,Sudan,2023,797.283447265625,,,2.50637309140704
SDN,Sudan,2024,984.607666015625,,,1.81187008589989
SEN,Senegal,2020,1461.08720350553,2.54314685681662,76.4609257473503,10.6291398745498
SEN,Senegal,2021,1598.10676952274,2.18032278088147,76.4609257473503,11.2519045633329
SEN,Senegal,2022,1574.0281059306,9.69681899081073,76.4609257473503,10.4760303181811
SEN,Senegal,2023,1698.03387300843,5.93947798773215,76.4609257473503,10.6434131462934
SEN,Senegal,2024,1773.21829923448,0.804503298792438,76.4609257473503,11.4301192710456
SGP,Singapore,2020,61410.0792630788,-0.172111865925382,97.9718288419762,
SGP,Singapore,2021,80056.1288247844,2.31610315765146,97.9718288419762,
SGP,Singapore,2022,90299.0694637269,6.13095418919732,97.9718288419762,
SGP,Singapore,2023,85412.230345235,4.83372362825798,97.9718288419762,
SGP,Singapore,2024,90674.066632628,2.38951123595017,97.9718288419762,
SLB,Solomon Islands,2020,2063.32780991967,2.96354992076065,,1.79077316018124
SLB,Solomon Islands,2021,2043.44413170658,-0.115437894412839,,3.2748037745436
SLB,Solomon Islands,2022,1877.78104490956,5.51812928576938,,5.53259070949236
SLB,Solomon Islands,2023,1882.64394148042,5.88585897042164,,5.61387942907796
SLB,Solomon Islands,2024,1933.55538435227,4.32183948388033,,6.00889889149161
SLE,Sierra Leone,2020,845.277557920549,13.4468711101052,38.6205210606339,2.64689995615237
SLE,Sierra Leone,2021,885.396401885395,11.8739588840234,38.6205210606339,2.56439301419071
SLE,Sierra Leone,2022,860.371067916096,27.2082883814653,38.6205210606339,4.08881666012583
SLE,Sierra Leone,2023,758.329137378248,47.6428733253179,38.6205210606339,4.56684008106211
SLE,Sierra Leone,2024,806.654650417726,28.6337500014115,38.6205210606339,4.60220597372152
SLV,El Salvador,2020,3997.19279583709,-0.371590212324095,43.4036648969414,23.8002795557104
SLV,El Salvador,2021,4642.60743101342,3.46692585313082,43.4036648969414,26.2452495089243
SLV,El Salvador,2022,5074.60210221806,7.19861615609867,43.4036648969414,24.6343666305956
SLV,El Salvador,2023,5365.44491399171,4.04554694222477,43.4036648969414,24.4783735978559
SLV,El Salvador,2024,5579.65969165029,0.853782292567288,43.4036648969414,24.0022976620619
SMR,San Marino,2020,44326.9556746411,-0.133368898372915,,1.14575498574344
SMR,San Marino,2021,54176.4798021628,1.61551411551421,,1.13388954934606
SMR,San Marino,2022,54190.8417700372,5.32545321311365,,1.1948481186404
SMR,San Marino,2023,59879.7173015651,5.93190858629403,,1.09937149949615
SMR,San Marino,2024,,1.24216507945569,,
SOM,"Somalia, Fed. Rep.",2020,518.16113333875,,,19.0299026425591
SOM,"Somalia, Fed. Rep.",2021,549.056994756254,,,22.3389222819783
SOM,"Somalia, Fed. Rep.",2022,573.141165798229,,,20.9908850338136
SOM,"Somalia, Fed. Rep.",2023,596.885985135589,,,19.9041795948166
SOM,"Somalia, Fed. Rep.",2024,629.538899449007,,,17.6994234143896
SRB,Serbia,2020,8098.70955668849,1.57553290083415,83.2544458500274,6.92365039942266
SRB,Serbia,2021,9680.52798074468,4.08510285335102,83.2544458500274,6.94943672867267
SRB,Serbia,2022,10024.8191112596,11.9815117344703,83.2544458500274,8.53793327986465
SRB,Serbia,2023,12281.707946167,12.3719043552519,83.2544458500274,7.0960644346216
SRB,Serbia,2024,13679.2065983557,4.6705297488997,83.2544458500274,6.39659640162288
SSD,South Sudan,2020,,29.6758435538572,5.8314074673825,
SSD,South Sudan,2021,,10.5167158294358,5.8314074673825,
SSD,South Sudan,2022,,-6.68732094212668,5.8314074673825,
SSD,South Sudan,2023,,2.38280434813754,5.8314074673825,
SSD,South Sudan,2024,,91.4408220769046,5.8314074673825,
STP,Sao Tome and Principe,2020,2167.22001796925,9.81932791540146,,1.82933358998671
STP,Sao Tome and Principe,2021,2362.58827248102,8.13777038378732,,2.01972579004646
STP,Sao Tome and Principe,2022,2389.73729784737,18.0056351122841,,18.869112414756
STP,Sao Tome and Principe,2023,2990.6606143535,21.2589138473,,14.151421791732
STP,Sao Tome and Principe,2024,3490.56883486557,14.3519273571008,,9.7475517038659
SUR,Suriname,2020,4755.39221710693,34.889784309078,,4.25950717003706
SUR,Suriname,2021,5029.84838543953,59.1196626251977,,4.74967050714786
SUR,Suriname,2022,6084.43876736445,52.446027276241,,3.90785134019277
SUR,Suriname,2023,5521.97602122638,51.5873159600861,,4.22998557374277
SUR,Suriname,2024,6961.78955961526,16.2296159130279,,3.62948526055995
SVK,Slovak Republic,2020,19735.4858280801,1.93694126694223,92.2151184719611,2.28680381155773
SVK,Slovak Republic,2021,22123.3342114545,3.14960629921268,92.2151184719611,2.01545323866653
SVK,Slovak Republic,2022,21317.7943982363,12.7741463637611,92.2151184719611,2.00029336003364
SVK,Slovak Republic,2023,24614.8734642794,10.5319476645211,92.2151184719611,2.04292332913555
SVK,Slovak Republic,2024,25992.6748502048,2.75760909424272,92.2151184719611,2.09641430973558
SVN,Slovenia,2020,25392.0651093612,-0.05485681576061,98.7472573239817,1.38253126686938
SVN,Slovenia,2021,29192.8401933019,1.91706506089259,98.7472573239817,1.34304781454004
SVN,Slovenia,2022,28360.3041467268,8.83369886749452,98.7472573239817,1.30050005654386
SVN,Slovenia,2023,32660.4753581346,7.44687717385838,98.7472573239817,1.33494617852124
SVN,Slovenia,2024,34301.0318686594,1.96562656432512,98.7472573239817,1.24322954820764
SWE,Sweden,2020,52568.5726980146,0.497367318853572,98.5654945145745,0.600055566280723
SWE,Sweden,2021,60647.5416365347,2.16319736447153,98.5654945145745,0.516425772955722
SWE,Sweden,2022,54836.8907235124,8.36929098869189,98.5654945145745,0.643140850059057
SWE,Sweden,2023,54950.2834725622,8.54862489748902,98.5654945145745,0.670256262604243
SWE,Sweden,2024,57117.4877440616,2.83581658224034,98.5654945145745,0.73316494168273
SWZ,Eswatini,2020,3466.56936278145,,65.1160267166079,2.72077742488104
SWZ,Eswatini,2021,3984.00229174306,,65.1160267166079,2.74945537528106
SWZ,Eswatini,2022,3894.1620089869,,65.1160267166079,2.66466521696542
SWZ,Eswatini,2023,3755.52111232464,,65.1160267166079,1.72996659494869
SWZ,Eswatini,2024,3909.55892378182,,65.1160267166079,0.68629088651435
SXM,Sint Maarten (Dutch part),2020,30150.8998380477,,,3.12887136730092
SXM,Sint Maarten (Dutch part),2021,32548.4366854902,,,3.43529953089954
SXM,Sint Maarten (Dutch part),2022,37793.1284399157,,,3.04516078317487
SXM,Sint Maarten (Dutch part),2023,39451.8223361963,,,2.84742398944831
SXM,Sint Maarten (Dutch part),2024,41472.5874498583,,,2.69312375266832
SYC,Seychelles,2020,14041.4754074575,1.20266463987123,,0.721830959030331
SYC,Seychelles,2021,14982.9111487767,9.76909936973542,,0.639618917399878
SYC,Seychelles,2022,16836.6721895387,2.6260363285129,,0.540942315591985
SYC,Seychelles,2023,18262.7115849287,-1.03530088431952,,0.521943685321322
SYC,Seychelles,2024,17858.8226383978,0.311726050919668,,0.551190483221827
SYR,Syrian Arab Republic,2020,572.355289831901,,,
SYR,Syrian Arab Republic,2021,663.614245706815,,,
SYR,Syrian Arab Republic,2022,1051.67149587463,,,
TCA,Turks and Caicos Islands,2020,20690.9160546118,,,
TCA,Turks and Caicos Islands,2021,27329.2885087196,,,
TCA,Turks and Caicos Islands,2022,31280.5418020808,,,
TCA,Turks and Caicos Islands,2023,35470.2151608295,,,
TCA,Turks and Caicos Islands,2024,37506.7798431288,,,
TCD,Chad,2020,866.947814890409,4.46414437232861,20.8983599359361,
TCD,Chad,2021,946.358500208374,-0.77284437035914,20.8983599359361,
TCD,Chad,2022,966.036468278568,5.78802687843616,20.8983599359361,
TCD,Chad,2023,949.333453674592,10.8363568399843,20.8983599359361,
TCD,Chad,2024,961.55975562506,8.89950732263754,20.8983599359361,
TGO,Togo,2020,863.468665870276,1.69928463299399,57.4329534151865,8.68798915490316
TGO,Togo,2021,962.075187515872,4.1862150652352,57.4329534151865,
TGO,Togo,2022,951.232378690387,7.96757361617945,57.4329534151865,
TGO,Togo,2023,1055.01727877926,5.48928568141131,57.4329534151865,
TGO,Togo,2024,1119.38160509429,2.86262074089801,57.4329534151865,
THA,Thailand,2020,6985.64393892574,-0.845937147357041,91.8249814693343,1.57323400130361
THA,Thailand,2021,7057.20754802279,1.23039541318384,91.8249814693343,1.71464731576995
THA,Thailand,2022,6909.35281815827,-1.61068030486688,91.8249814693343,1.80546752206825
THA,Thailand,2023,7195.10130919449,8.47805174421543,91.8249814693343,1.8786395323162
THA,Thailand,2024,7346.62022142185,1.36580540798037,91.8249814693343,1.79598323750296
TJK,Tajikistan,2020,834.311715460625,,54.5193771390539,26.8848943162433
TJK,Tajikistan,2021,896.748053372182,,54.5193771390539,32.6893794785095
TJK,Tajikistan,2022,1052.17949484894,,54.5193771390539,49.8953124537059
TJK,Tajikistan,2023,1178.47990060249,,54.5193771390539,37.8445781946342
TJK,Tajikistan,2024,1341.20229027672,,54.5193771390539,47.8852110026872
TKM,Turkmenistan,2020,5972.72356566861,,,
TKM,Turkmenistan,2021,5723.30227157906,,,
TKM,Turkmenistan,2022,5837.84224538947,,,
TKM,Turkmenistan,2023,6231.91323839698,,,
TKM,Turkmenistan,2024,6856.65802730208,,,
TLS,Timor-Leste,2020,1630.86938521256,0.495499215459571,,4.43213613731545
TLS,Timor-Leste,2021,2684.92676774277,3.69792094666786,,4.13904341858438
TLS,Timor-Leste,2022,2343.24954740187,7.00530945399787,,4.54948220642564
TLS,Timor-Leste,2023,1502.41147438211,8.42035103310377,,9.27928655078657
TLS,Timor-Leste,2024,1331.9705130185,2.06284153005468,,11.7692428737998
TON,Tonga,2020,4792.35854741522,-0.349737696727418,,37.5001342017295
TON,Tonga,2021,4922.80171378368,5.64051140636743,,41.5310102606256
TON,Tonga,2022,5298.01941509951,10.9713652903022,,38.6793403513808
TON,Tonga,2023,5651.59373063157,6.35112980255189,,42.6104220473422
TON,Tonga,2024,,3.18364611260051,,
TTO,Trinidad and Tobago,2020,15283.6270531554,0.598986330824643,74.5920641469519,0.930835122563685
TTO,Trinidad and Tobago,2021,17712.5674104655,2.05922746915458,74.5920641469519,0.965999163414196
TTO,Trinidad and Tobago,2022,20750.5202434652,5.82838638517959,74.5920641469519,0.721089455082734
TTO,Trinidad and Tobago,2023,18308.4536298575,4.62930242419968,74.5920641469519,0.808146849836887
TTO,Trinidad and Tobago,2024,18733.4110406494,0.526884625776839,74.5920641469519,0.776983327920758
TUN,Tunisia,2020,3548.65363663803,5.63415115897625,37.8444860328559,5.36706286105133
TUN,Tunisia,2021,3906.93926319391,5.706350208307,37.8444860328559,6.30339440555567
TUN,Tunisia,2022,3707.29283414381,8.30646124447623,37.8444860328559,6.24650668661797
TUN,Tunisia,2023,3951.11683376921,9.32899597507865,37.8444860328559,5.95811983250858
TUN,Tunisia,2024,4181.13789301228,7.20661657168794,37.8444860328559,6.34487013750789
TUR,Turkiye,2020,8798.11791709313,12.2789574462574,81.5545478352063,0.11122799635979
TUR,Turkiye,2021,9981.76398411336,19.5964926913324,81.5545478352063,0.0864348823920577
TUR,Turkiye,2022,10897.8397861365,72.3088359891207,81.5545478352063,0.0751540758235723
TUR,Turkiye,2023,13375.0947282864,53.8594087593315,81.5545478352063,0.0901648572680327
TUR,Turkiye,2024,15892.7157287241,58.5064507300343,81.5545478352063,0.0722524337048219
TUV,Tuvalu,2020,4976.11254109571,,,4.2532939646297
TUV,Tuvalu,2021,5905.08198095343,,,4.90015089174488
TUV,Tuvalu,2022,5911.32727055301,,,4.18355781840829
TUV,Tuvalu,2023,6344.7750188689,,,4.1630590898576
TZA,Tanzania,2020,1117.41528320313,3.29029062798325,59.8275253090773,0.493668773904517
TZA,Tanzania,2021,1159.85656738281,3.69091958802199,59.8275253090773,0.790350505202583
TZA,Tanzania,2022,1207.52062988281,4.35027204269101,59.8275253090773,0.929057337699634
TZA,Tanzania,2023,1224.00219726563,3.79923291384916,59.8275253090773,1.56634796086625
TZA,Tanzania,2024,1186.71691894531,3.05694676312373,59.8275253090773,1.42465392903549
UGA,Uganda,2020,845.766463890124,3.31332289544502,72.8273757556063,2.82418111836855
UGA,Uganda,2021,882.791717542504,2.20457204757414,72.8273757556063,2.85028028798949
UGA,Uganda,2022,963.067314117178,7.1957888597581,72.8273757556063,2.74413888269122
UGA,Uganda,2023,1002.30913917142,5.35094804280395,72.8273757556063,3.10402269113861
UGA,Uganda,2024,1077.91278452817,3.3233806708656,72.8273757556063,2.6514080949333
UKR,Ukraine,2020,3709.76928710938,2.73249209419427,87.581225854266,9.71346014003703
UKR,Ukraine,2021,4775.94580078125,9.36313917695223,87.581225854266,9.04058383088579
UKR,Ukraine,2022,4199.6708984375,20.1836366617478,87.581225854266,10.360546734925
UKR,Ukraine,2023,5139.59814453125,12.8490222828559,87.581225854266,8.25895300735777
UKR,Ukraine,2024,5389.47314453125,6.50198464669254,87.581225854266,6.29124492943216
URY,Uruguay,2020,15757.5355995779,9.75640636078194,73.7451275567861,0.207465871227739
URY,Uruguay,2021,17881.818721099,7.74791402314762,73.7451275567861,0.207005780162034
URY,Uruguay,2022,20818.6146091144,9.10437983075437,73.7451275567861,0.177304603447649
URY,Uruguay,2023,23019.4221560046,5.86910359896119,73.7451275567861,0.172593352704533
URY,Uruguay,2024,23906.5133029408,4.84914366613156,73.7451275567861,0.16813172308694
USA,United States,2020,63515.9491807833,1.23358439630629,97.0230983290589,0.0324161750844288
USA,United States,2021,70205.050916026,4.69785886363742,97.0230983290589,0.0304223696836328
USA,United States,2022,76657.2488844403,8.00279982052121,97.0230983290589,0.0299279250881351
USA,United States,2023,81032.262117545,4.11633838374488,97.0230983290589,0.0307780574276945
USA,United States,2024,84534.0407841548,2.94952520485207,97.0230983290589,0.0303016009637605
UZB,Uzbekistan,2020,1978.28051860763,12.8677297362606,59.6583830145186,10.6613149757896
UZB,Uzbekistan,2021,2258.51964119278,10.8492397508122,59.6583830145186,11.9948771448385
UZB,Uzbekistan,2022,2578.66689394219,11.4466436998836,59.6583830145186,17.2173418207715
UZB,Uzbekistan,2023,2878.96879292451,9.95659071258018,59.6583830145186,13.8041936750861
UZB,Uzbekistan,2024,3161.70010632875,9.62825465956682,59.6583830145186,14.4210991468962
VCT,St. Vincent and the Grenadines,2020,8351.20324040982,-0.628131309354654,,7.28760488020117
VCT,St. Vincent and the Grenadines,2021,8641.27904024443,1.57272932500558,,7.8833728427168
VCT,St. Vincent and the Grenadines,2022,9693.55867833025,5.66009779226552,,8.9600494606505
VCT,St. Vincent and the Grenadines,2023,10582.3656725229,4.56457719814894,,8.5465572841826
VCT,St. Vincent and the Grenadines,2024,11501.2265187188,3.62770736940927,,7.94054934292645
VEN,"Venezuela, RB",2020,1506.0436210041,,87.3184627954851,
VEN,"Venezuela, RB",2021,2004.93397949792,,87.3184627954851,
VEN,"Venezuela, RB",2022,3155.04207099687,,87.3184627954851,
VEN,"Venezuela, RB",2023,3617.43594578269,,87.3184627954851,
VEN,"Venezuela, RB",2024,4217.59102643391,,87.3184627954851,
VIR,Virgin Islands (U.S.),2020,39787.3741650202,,,
VIR,Virgin Islands (U.S.),2021,42571.0777368471,,,
VIR,Virgin Islands (U.S.),2022,44320.909185774,,,
VNM,Viet Nam,2020,3534.03953482647,3.22093436652514,70.5507533567583,3.0911959715008
VNM,Viet Nam,2021,3704.1935590038,1.83471554810444,70.5507533567583,3.47147757606586
VNM,Viet Nam,2022,4147.69777213621,3.15650749963129,70.5507533567583,3.19268406571154
VNM,Viet Nam,2023,4323.35031982451,3.25289282667662,70.5507533567583,3.2268646150333
VNM,Viet Nam,2024,4717.29028732449,3.62109273885843,70.5507533567583,3.35860522617933
VUT,Vanuatu,2020,3042.98711598286,5.32935073101715,,13.9736265220997
VUT,Vanuatu,2021,3107.20312858002,2.34328358208953,,21.0260500834555
VUT,Vanuatu,2022,3370.21191956953,6.67930581887121,,18.7509602200776
VUT,Vanuatu,2023,3482.61458237637,11.1825017088175,,
VUT,Vanuatu,2024,3410.77023167097,,,
WSM,Samoa,2020,4099.59660548583,-1.56891247740895,,23.4968429809637
WSM,Samoa,2021,4021.55934894283,3.13320473174494,,28.8911917637226
WSM,Samoa,2022,4132.44717734444,10.9618822286844,,31.4726825614257
WSM,Samoa,2023,4822.74084650019,7.92164684826777,,25.3547277221951
WSM,Samoa,2024,5392.87761915762,2.17245530514377,,24.0063248792493
XKX,Kosovo,2020,4310.88963754863,0.198227922994854,64.1617721717113,18.6090576572743
XKX,Kosovo,2021,5270.43236861018,3.35369139207997,64.1617721717113,18.0069699554219
XKX,Kosovo,2022,5290.95006509706,11.5805104542012,64.1617721717113,17.240729008068
XKX,Kosovo,2023,6221.20618847799,4.94432438791283,64.1617721717113,17.5065673926049
XKX,Kosovo,2024,7023.06598512878,1.61944994559476,64.1617721717113,17.2963878731294
YEM,"Yemen, Rep.",2022,,,11.9033656433415,
ZAF,South Africa,2020,5580.60383075189,3.23238831615113,81.1259662052011,0.239923790431449
ZAF,South Africa,2021,6828.75624590017,4.61874544887136,81.1259662052011,0.220638358471984
ZAF,South Africa,2022,6534.24867783397,7.03987272546482,81.1259662052011,0.214147215380552
ZAF,South Africa,2023,6034.27208964673,6.0752438457966,81.1259662052011,0.210618728835036
ZAF,South Africa,2024,6267.186814093,4.36115246518962,81.1259662052011,0.213233288359423
ZMB,Zambia,2020,951.644316655957,15.7330604721369,72.7024245599811,0.743558162947741
ZMB,Zambia,2021,1127.16077872857,22.0207676245777,72.7024245599811,1.08483362686231
ZMB,Zambia,2022,1447.12310138035,10.9932039209136,72.7024245599811,0.834891790615501
ZMB,Zambia,2023,1330.72780576709,10.884531691282,72.7024245599811,0.890885868311165
ZMB,Zambia,2024,1187.10943350064,14.9856262747939,72.7024245599811,1.32123122514255
ZWE,Zimbabwe,2020,2059.67445384499,557.201817362051,49.5216018025126,5.72864357431639
ZWE,Zimbabwe,2021,2613.60542083552,98.5461050920624,49.5216018025126,6.23340250411359
ZWE,Zimbabwe,2022,2536.40050223076,104.705170628667,49.5216018025126,7.56925412522426
ZWE,Zimbabwe,2023,2195.22492079245,,49.5216018025126,9.20296621227039
ZWE,Zimbabwe,2024,2497.20332208763,,49.5216018025126,8.44955415885716
