volume_usd,symbol,date,post_nov_2022
21503143454,USDT,2020-01-01,0
24212314977,USDT,2020-01-02,0
32420287856,USDT,2020-01-03,0
21585629320,USDT,2020-01-04,0
24090142146,USDT,2020-01-05,0
29460474864,USDT,2020-01-06,0
32765511976,USDT,2020-01-07,0
35175740304,USDT,2020-01-08,0
28026673217,USDT,2020-01-09,0
34207037022,USDT,2020-01-10,0
31049760361,USDT,2020-01-11,0
27250055613,USDT,2020-01-12,0
26468468000,USDT,2020-01-13,0
57687160761,USDT,2020-01-14,0
49045902728,USDT,2020-01-15,0
40752742739,USDT,2020-01-16,0
47263851458,USDT,2020-01-17,0
43805026250,USDT,2020-01-18,0
42680566067,USDT,2020-01-19,0
33079894466,USDT,2020-01-20,0
31080893275,USDT,2020-01-21,0
29749248330,USDT,2020-01-22,0
33631459310,USDT,2020-01-23,0
33356108238,USDT,2020-01-24,0
26340299495,USDT,2020-01-25,0
29121614731,USDT,2020-01-26,0
37771545362,USDT,2020-01-27,0
44123906993,USDT,2020-01-28,0
42323320108,USDT,2020-01-29,0
43624728074,USDT,2020-01-30,0
40496855325,USDT,2020-01-31,0
34763069931,USDT,2020-02-01,0
40560625161,USDT,2020-02-02,0
39849489336,USDT,2020-02-03,0
36950713371,USDT,2020-02-04,0
46504757742,USDT,2020-02-05,0
46549174003,USDT,2020-02-06,0
42966951015,USDT,2020-02-07,0
44251729422,USDT,2020-02-08,0
44977724508,USDT,2020-02-09,0
48784184264,USDT,2020-02-10,0
46001561028,USDT,2020-02-11,0
54829582150,USDT,2020-02-12,0
63588479574,USDT,2020-02-13,0
54698567058,USDT,2020-02-14,0
57250318373,USDT,2020-02-15,0
60160518246,USDT,2020-02-16,0
63038607545,USDT,2020-02-17,0
60616752516,USDT,2020-02-18,0
54920030584,USDT,2020-02-19,0
55986244963,USDT,2020-02-20,0
47618138884,USDT,2020-02-21,0
41243330013,USDT,2020-02-22,0
47448629411,USDT,2020-02-23,0
56599226979,USDT,2020-02-24,0
55034243501,USDT,2020-02-25,0
68910958735,USDT,2020-02-26,0
61401185853,USDT,2020-02-27,0
56902235264,USDT,2020-02-28,0
44948749121,USDT,2020-02-29,0
45828960109,USDT,2020-03-01,0
67439071909,USDT,2020-03-02,0
50681960308,USDT,2020-03-03,0
48605279710,USDT,2020-03-04,0
49920180590,USDT,2020-03-05,0
49389801062,USDT,2020-03-06,0
46199415513,USDT,2020-03-07,0
54758243672,USDT,2020-03-08,0
63879966769,USDT,2020-03-09,0
51217843378,USDT,2020-03-10,0
47108137900,USDT,2020-03-11,0
74550564419,USDT,2020-03-12,0
99315334323,USDT,2020-03-13,0
48327975513,USDT,2020-03-14,0
43945453268,USDT,2020-03-15,0
57318450774,USDT,2020-03-16,0
46775877399,USDT,2020-03-17,0
45836273197,USDT,2020-03-18,0
64076531532,USDT,2020-03-19,0
72319289643,USDT,2020-03-20,0
52643956420,USDT,2020-03-21,0
49036623749,USDT,2020-03-22,0
57333099378,USDT,2020-03-23,0
57714092130,USDT,2020-03-24,0
52254209223,USDT,2020-03-25,0
42020889460,USDT,2020-03-26,0
41534264141,USDT,2020-03-27,0
44315404128,USDT,2020-03-28,0
35069971228,USDT,2020-03-29,0
44148668942,USDT,2020-03-30,0
38970696054,USDT,2020-03-31,0
47949493852,USDT,2020-04-01,0
57261198792,USDT,2020-04-02,0
46738928486,USDT,2020-04-03,0
39644126975,USDT,2020-04-04,0
35625789596,USDT,2020-04-05,0
60908262080,USDT,2020-04-06,0
59032234493,USDT,2020-04-07,0
50475513637,USDT,2020-04-08,0
44302706107,USDT,2020-04-09,0
56393183976,USDT,2020-04-10,0
40060959110,USDT,2020-04-11,0
44856466500,USDT,2020-04-12,0
50128306911,USDT,2020-04-13,0
42246776207,USDT,2020-04-14,0
40321714369,USDT,2020-04-15,0
63213195169,USDT,2020-04-16,0
43011919954,USDT,2020-04-17,0
45234041690,USDT,2020-04-18,0
44414316787,USDT,2020-04-19,0
54458798119,USDT,2020-04-20,0
42681951159,USDT,2020-04-21,0
45471713945,USDT,2020-04-22,0
56696647551,USDT,2020-04-23,0
45214285339,USDT,2020-04-24,0
44807056872,USDT,2020-04-25,0
46243541830,USDT,2020-04-26,0
50062655667,USDT,2020-04-27,0
45898873538,USDT,2020-04-28,0
79272305845,USDT,2020-04-29,0
89936833210,USDT,2020-04-30,0
56216767268,USDT,2020-05-01,0
49997806582,USDT,2020-05-02,0
58963072938,USDT,2020-05-03,0
60315142637,USDT,2020-05-04,0
53776437547,USDT,2020-05-05,0
59321368204,USDT,2020-05-06,0
72554504815,USDT,2020-05-07,0
63400633378,USDT,2020-05-08,0
57870685210,USDT,2020-05-09,0
79545041693,USDT,2020-05-10,0
68664007367,USDT,2020-05-11,0
49750084616,USDT,2020-05-12,0
53063776325,USDT,2020-05-13,0
64544825214,USDT,2020-05-14,0
53148365727,USDT,2020-05-15,0
42259786355,USDT,2020-05-16,0
45525203695,USDT,2020-05-17,0
50496315260,USDT,2020-05-18,0
46955432504,USDT,2020-05-19,0
44447276085,USDT,2020-05-20,0
47340041421,USDT,2020-05-21,0
37971264880,USDT,2020-05-22,0
33726005349,USDT,2020-05-23,0
38944229194,USDT,2020-05-24,0
35985513624,USDT,2020-05-25,0
32858110128,USDT,2020-05-26,0
35192290092,USDT,2020-05-27,0
38116870951,USDT,2020-05-28,0
36706734857,USDT,2020-05-29,0
40377918880,USDT,2020-05-30,0
35009124470,USDT,2020-05-31,0
39619617695,USDT,2020-06-01,0
45585907575,USDT,2020-06-02,0
30557149519,USDT,2020-06-03,0
31617065491,USDT,2020-06-04,0
29614424319,USDT,2020-06-05,0
23548822467,USDT,2020-06-06,0
29418233806,USDT,2020-06-07,0
23773499797,USDT,2020-06-08,0
25504409744,USDT,2020-06-09,0
26529161098,USDT,2020-06-10,0
39277703093,USDT,2020-06-11,0
28748565604,USDT,2020-06-12,0
21716523327,USDT,2020-06-13,0
21206505066,USDT,2020-06-14,0
33118696637,USDT,2020-06-15,0
25217650481,USDT,2020-06-16,0
24323246034,USDT,2020-06-17,0
21264596740,USDT,2020-06-18,0
23397934727,USDT,2020-06-19,0
20222952960,USDT,2020-06-20,0
18590123868,USDT,2020-06-21,0
25901068733,USDT,2020-06-22,0
21481732223,USDT,2020-06-23,0
25367004473,USDT,2020-06-24,0
21617089198,USDT,2020-06-25,0
22595324560,USDT,2020-06-26,0
22069989504,USDT,2020-06-27,0
18015458533,USDT,2020-06-28,0
20201360245,USDT,2020-06-29,0
18926019120,USDT,2020-06-30,0
20410901924,USDT,2020-07-01,0
21713824216,USDT,2020-07-02,0
17207532375,USDT,2020-07-03,0
16834529314,USDT,2020-07-04,0
18453609716,USDT,2020-07-05,0
28513816011,USDT,2020-07-06,0
20262759503,USDT,2020-07-07,0
28520237097,USDT,2020-07-08,0
24559681375,USDT,2020-07-09,0
19416307998,USDT,2020-07-10,0
16806691103,USDT,2020-07-11,0
18560508406,USDT,2020-07-12,0
23293356124,USDT,2020-07-13,0
21927614040,USDT,2020-07-14,0
19801020732,USDT,2020-07-15,0
20174060342,USDT,2020-07-16,0
16824229378,USDT,2020-07-17,0
15430964635,USDT,2020-07-18,0
16068695380,USDT,2020-07-19,0
16920167824,USDT,2020-07-20,0
22047241258,USDT,2020-07-21,0
21007802308,USDT,2020-07-22,0
24897129948,USDT,2020-07-23,0
22338273101,USDT,2020-07-24,0
25077707687,USDT,2020-07-25,0
28852807826,USDT,2020-07-26,0
44309144839,USDT,2020-07-27,0
37054214114,USDT,2020-07-28,0
31945080196,USDT,2020-07-29,0
30145197612,USDT,2020-07-30,0
31216575237,USDT,2020-07-31,0
36596724667,USDT,2020-08-01,0
43620863810,USDT,2020-08-02,0
29956228167,USDT,2020-08-03,0
32423781475,USDT,2020-08-04,0
33191883907,USDT,2020-08-05,0
32564418808,USDT,2020-08-06,0
35097319459,USDT,2020-08-07,0
25836510740,USDT,2020-08-08,0
26113895986,USDT,2020-08-09,0
36347245628,USDT,2020-08-10,0
39924390806,USDT,2020-08-11,0
38419235281,USDT,2020-08-12,0
45360887997,USDT,2020-08-13,0
38417750789,USDT,2020-08-14,0
38681122091,USDT,2020-08-15,0
35603319606,USDT,2020-08-16,0
43047212745,USDT,2020-08-17,0
40873174066,USDT,2020-08-18,0
40666046435,USDT,2020-08-19,0
32746471325,USDT,2020-08-20,0
41215985711,USDT,2020-08-21,0
32892342495,USDT,2020-08-22,0
29187550605,USDT,2020-08-23,0
31794835157,USDT,2020-08-24,0
42567672036,USDT,2020-08-25,0
37126595563,USDT,2020-08-26,0
38341362890,USDT,2020-08-27,0
31740187752,USDT,2020-08-28,0
31070541135,USDT,2020-08-29,0
36153398644,USDT,2020-08-30,0
37949635827,USDT,2020-08-31,0
49809584105,USDT,2020-09-01,0
52855722597,USDT,2020-09-02,0
57562780194,USDT,2020-09-03,0
55525478963,USDT,2020-09-04,0
78154159842,USDT,2020-09-05,0
66315625008,USDT,2020-09-06,0
59139010478,USDT,2020-09-07,0
56334310286,USDT,2020-09-08,0
42234198845,USDT,2020-09-09,0
52111960702,USDT,2020-09-10,0
46009434500,USDT,2020-09-11,0
43506381696,USDT,2020-09-12,0
46330693824,USDT,2020-09-13,0
49936255991,USDT,2020-09-14,0
49718173930,USDT,2020-09-15,0
50682289026,USDT,2020-09-16,0
51695424541,USDT,2020-09-17,0
47248825663,USDT,2020-09-18,0
37361830219,USDT,2020-09-19,0
39841903146,USDT,2020-09-20,0
51961935426,USDT,2020-09-21,0
38413876677,USDT,2020-09-22,0
43424219416,USDT,2020-09-23,0
45065266037,USDT,2020-09-24,0
41889632698,USDT,2020-09-25,0
37079804018,USDT,2020-09-26,0
36832675909,USDT,2020-09-27,0
42448311096,USDT,2020-09-28,0
37215776820,USDT,2020-09-29,0
36326500299,USDT,2020-09-30,0
44191606929,USDT,2020-10-01,0
43341045659,USDT,2020-10-02,0
29434211991,USDT,2020-10-03,0
30365398041,USDT,2020-10-04,0
33618477224,USDT,2020-10-05,0
43474684779,USDT,2020-10-06,0
34832780084,USDT,2020-10-07,0
40437506638,USDT,2020-10-08,0
40570731731,USDT,2020-10-09,0
41298643279,USDT,2020-10-10,0
36190854082,USDT,2020-10-11,0
45422749776,USDT,2020-10-12,0
41852256541,USDT,2020-10-13,0
42676684541,USDT,2020-10-14,0
40681227712,USDT,2020-10-15,0
42355198410,USDT,2020-10-16,0
31063236700,USDT,2020-10-17,0
29893695719,USDT,2020-10-18,0
35567986142,USDT,2020-10-19,0
43872844120,USDT,2020-10-20,0
60904084735,USDT,2020-10-21,0
51457694149,USDT,2020-10-22,0
45364336403,USDT,2020-10-23,0
38024192721,USDT,2020-10-24,0
37992408340,USDT,2020-10-25,0
53856600950,USDT,2020-10-26,0
50594554703,USDT,2020-10-27,0
54295663450,USDT,2020-10-28,0
45899362605,USDT,2020-10-29,0
48310061722,USDT,2020-10-30,0
42514424089,USDT,2020-10-31,0
34361640768,USDT,2020-11-01,0
47077503200,USDT,2020-11-02,0
45019168827,USDT,2020-11-03,0
51351488942,USDT,2020-11-04,0
50361326125,USDT,2020-11-05,0
52898738178,USDT,2020-11-06,0
56226369647,USDT,2020-11-07,0
36518314883,USDT,2020-11-08,0
46110330836,USDT,2020-11-09,0
38577912936,USDT,2020-11-10,0
42668662479,USDT,2020-11-11,0
43616955783,USDT,2020-11-12,0
43464032776,USDT,2020-11-13,0
37625148237,USDT,2020-11-14,0
34845215193,USDT,2020-11-15,0
43959721427,USDT,2020-11-16,0
55094987084,USDT,2020-11-17,0
68784549701,USDT,2020-11-18,0
53334422091,USDT,2020-11-19,0
58285960281,USDT,2020-11-20,0
77062206041,USDT,2020-11-21,0
80187383235,USDT,2020-11-22,0
85808045491,USDT,2020-11-23,0
99911012514,USDT,2020-11-24,0
86889311262,USDT,2020-11-25,0
114616849233,USDT,2020-11-26,0
71012323469,USDT,2020-11-27,0
59622219575,USDT,2020-11-28,0
56283936388,USDT,2020-11-29,0
78422057481,USDT,2020-11-30,0
91231924619,USDT,2020-12-01,0
65320503081,USDT,2020-12-02,0
53438971741,USDT,2020-12-03,0
57391362137,USDT,2020-12-04,0
46459783524,USDT,2020-12-05,0
41702527218,USDT,2020-12-06,0
41553114205,USDT,2020-12-07,0
51018510966,USDT,2020-12-08,0
58645762362,USDT,2020-12-09,0
42906892986,USDT,2020-12-10,0
46855379778,USDT,2020-12-11,0
37175152958,USDT,2020-12-12,0
39919658599,USDT,2020-12-13,0
34855969067,USDT,2020-12-14,0
41060539775,USDT,2020-12-15,0
65892006749,USDT,2020-12-16,0
107057692974,USDT,2020-12-17,0
68567341447,USDT,2020-12-18,0
59773866553,USDT,2020-12-19,0
62633975828,USDT,2020-12-20,0
70204823309,USDT,2020-12-21,0
72277839948,USDT,2020-12-22,0
85019037325,USDT,2020-12-23,0
70696999694,USDT,2020-12-24,0
69379207764,USDT,2020-12-25,0
70249332948,USDT,2020-12-26,0
95264858228,USDT,2020-12-27,0
76757036205,USDT,2020-12-28,0
76792619209,USDT,2020-12-29,0
72666964921,USDT,2020-12-30,0
61468463255,USDT,2020-12-31,0
60509986287,USDT,2021-01-01,0
87333964442,USDT,2021-01-02,0
120425679796,USDT,2021-01-03,0
125906387011,USDT,2021-01-04,0
101918715244,USDT,2021-01-05,0
116105139289,USDT,2021-01-06,0
129467601516,USDT,2021-01-07,0
131555961745,USDT,2021-01-08,0
103292241007,USDT,2021-01-09,0
135437984723,USDT,2021-01-10,0
180779058885,USDT,2021-01-11,0
117509616511,USDT,2021-01-12,0
98217076295,USDT,2021-01-13,0
97567813514,USDT,2021-01-14,0
112214718054,USDT,2021-01-15,0
101603530718,USDT,2021-01-16,0
91132972168,USDT,2021-01-17,0
81024209658,USDT,2021-01-18,0
103734629698,USDT,2021-01-19,0
115893865966,USDT,2021-01-20,0
125636003892,USDT,2021-01-21,0
121548669235,USDT,2021-01-22,0
80722167203,USDT,2021-01-23,0
84413124756,USDT,2021-01-24,0
101158851200,USDT,2021-01-25,0
101647526020,USDT,2021-01-26,0
105901637306,USDT,2021-01-27,0
104090387181,USDT,2021-01-28,0
183670639698,USDT,2021-01-29,0
115648742489,USDT,2021-01-30,0
101327508212,USDT,2021-01-31,0
117812471778,USDT,2021-02-01,0
112355343051,USDT,2021-02-02,0
106216534834,USDT,2021-02-03,0
130071476669,USDT,2021-02-04,0
116242339499,USDT,2021-02-05,0
121039422025,USDT,2021-02-06,0
130348566847,USDT,2021-02-07,0
156718232410,USDT,2021-02-08,0
155577364901,USDT,2021-02-09,0
167294523848,USDT,2021-02-10,0
144658901916,USDT,2021-02-11,0
147107216422,USDT,2021-02-12,0
153120142052,USDT,2021-02-13,0
138353850761,USDT,2021-02-14,0
162693579145,USDT,2021-02-15,0
141032763591,USDT,2021-02-16,0
139150324868,USDT,2021-02-17,0
94966568287,USDT,2021-02-18,0
113649609569,USDT,2021-02-19,0
137486320908,USDT,2021-02-20,0
102446076715,USDT,2021-02-21,0
169690403440,USDT,2021-02-22,0
195964923867,USDT,2021-02-23,0
129007383618,USDT,2021-02-24,0
105464333625,USDT,2021-02-25,0
124624106848,USDT,2021-02-26,0
94710037977,USDT,2021-02-27,0
106489914975,USDT,2021-02-28,0
96252860017,USDT,2021-03-01,0
92797362841,USDT,2021-03-02,0
94786928488,USDT,2021-03-03,0
103244765110,USDT,2021-03-04,0
87483469989,USDT,2021-03-05,0
66739320404,USDT,2021-03-06,0
70107811561,USDT,2021-03-07,0
88859705060,USDT,2021-03-08,0
95447392493,USDT,2021-03-09,0
94996172814,USDT,2021-03-10,0
93576067866,USDT,2021-03-11,0
99392797660,USDT,2021-03-12,0
105301861825,USDT,2021-03-13,0
83527066354,USDT,2021-03-14,0
110958014435,USDT,2021-03-15,0
101176062799,USDT,2021-03-16,0
94297363539,USDT,2021-03-17,0
87360030730,USDT,2021-03-18,0
78992617747,USDT,2021-03-19,0
78910215980,USDT,2021-03-20,0
75434025575,USDT,2021-03-21,0
86052511859,USDT,2021-03-22,0
87718238071,USDT,2021-03-23,0
97177670255,USDT,2021-03-24,0
97273950074,USDT,2021-03-25,0
82935770974,USDT,2021-03-26,0
73586222744,USDT,2021-03-27,0
69313550904,USDT,2021-03-28,0
80873581836,USDT,2021-03-29,0
82702790409,USDT,2021-03-30,0
111253962206,USDT,2021-03-31,0
108310288784,USDT,2021-04-01,0
103736039046,USDT,2021-04-02,0
109584392991,USDT,2021-04-03,0
99459708393,USDT,2021-04-04,0
132303093446,USDT,2021-04-05,0
145941395057,USDT,2021-04-06,0
161005666625,USDT,2021-04-07,0
100309980611,USDT,2021-04-08,0
86500025530,USDT,2021-04-09,0
111560200798,USDT,2021-04-10,0
100277986732,USDT,2021-04-11,0
106711464727,USDT,2021-04-12,0
137132738350,USDT,2021-04-13,0
172073450566,USDT,2021-04-14,0
134206127794,USDT,2021-04-15,0
232378434390,USDT,2021-04-16,0
178501336545,USDT,2021-04-17,0
226468468195,USDT,2021-04-18,0
169646878924,USDT,2021-04-19,0
171214521691,USDT,2021-04-20,0
130529572776,USDT,2021-04-21,0
166853483576,USDT,2021-04-22,0
200928310345,USDT,2021-04-23,0
105265165685,USDT,2021-04-24,0
91733321074,USDT,2021-04-25,0
114746493323,USDT,2021-04-26,0
100848882802,USDT,2021-04-27,0
107174178546,USDT,2021-04-28,0
93716158086,USDT,2021-04-29,0
99120376275,USDT,2021-04-30,0
93561408428,USDT,2021-05-01,0
87140031400,USDT,2021-05-02,0
115365514515,USDT,2021-05-03,0
184507815469,USDT,2021-05-04,0
194666058568,USDT,2021-05-05,0
209142160582,USDT,2021-05-06,0
195953903780,USDT,2021-05-07,0
154970468014,USDT,2021-05-08,0
177124716916,USDT,2021-05-09,0
196654261473,USDT,2021-05-10,0
175304543466,USDT,2021-05-11,0
179881127372,USDT,2021-05-12,0
238503239903,USDT,2021-05-13,0
157669573391,USDT,2021-05-14,0
160240116663,USDT,2021-05-15,0
156189820298,USDT,2021-05-16,0
174105627753,USDT,2021-05-17,0
139497732905,USDT,2021-05-18,0
279067455600,USDT,2021-05-19,0
203389167819,USDT,2021-05-20,0
175788781082,USDT,2021-05-21,0
123183907998,USDT,2021-05-22,0
166357484552,USDT,2021-05-23,0
150726607629,USDT,2021-05-24,0
133337899988,USDT,2021-05-25,0
115346863805,USDT,2021-05-26,0
98115089359,USDT,2021-05-27,0
114444985848,USDT,2021-05-28,0
93338666927,USDT,2021-05-29,0
76081689608,USDT,2021-05-30,0
87983357586,USDT,2021-05-31,0
84110288079,USDT,2021-06-01,0
80399629557,USDT,2021-06-02,0
79950612936,USDT,2021-06-03,0
92563710563,USDT,2021-06-04,0
74062610826,USDT,2021-06-05,0
54108953419,USDT,2021-06-06,0
70487554952,USDT,2021-06-07,0
96727203765,USDT,2021-06-08,0
92231696007,USDT,2021-06-09,0
72706032485,USDT,2021-06-10,0
62233050872,USDT,2021-06-11,0
62020661713,USDT,2021-06-12,0
62855843708,USDT,2021-06-13,0
64693139740,USDT,2021-06-14,0
69666548571,USDT,2021-06-15,0
60779453764,USDT,2021-06-16,0
55428282562,USDT,2021-06-17,0
58250506049,USDT,2021-06-18,0
48324762375,USDT,2021-06-19,0
57176763747,USDT,2021-06-20,0
90616591970,USDT,2021-06-21,0
101175206595,USDT,2021-06-22,0
78451207170,USDT,2021-06-23,0
54635236494,USDT,2021-06-24,0
66436810480,USDT,2021-06-25,0
60323833680,USDT,2021-06-26,0
53158745469,USDT,2021-06-27,0
56773812735,USDT,2021-06-28,0
64868482234,USDT,2021-06-29,0
62591206838,USDT,2021-06-30,0
54577458289,USDT,2021-07-01,0
45626594041,USDT,2021-07-02,0
41194990425,USDT,2021-07-03,0
43066655708,USDT,2021-07-04,0
47215849676,USDT,2021-07-05,0
51054194253,USDT,2021-07-06,0
50370827531,USDT,2021-07-07,0
54546974469,USDT,2021-07-08,0
48513127150,USDT,2021-07-09,0
39811881630,USDT,2021-07-10,0
33700882503,USDT,2021-07-11,0
40963905755,USDT,2021-07-12,0
40689021551,USDT,2021-07-13,0
45371034562,USDT,2021-07-14,0
45208496773,USDT,2021-07-15,0
45730099926,USDT,2021-07-16,0
39163445316,USDT,2021-07-17,0
36385511871,USDT,2021-07-18,0
40152920396,USDT,2021-07-19,0
45790527475,USDT,2021-07-20,0
57772259331,USDT,2021-07-21,0
45353041839,USDT,2021-07-22,0
48879632451,USDT,2021-07-23,0
51306998692,USDT,2021-07-24,0
45864253744,USDT,2021-07-25,0
92450192578,USDT,2021-07-26,0
67906963431,USDT,2021-07-27,0
64211172842,USDT,2021-07-28,0
49910679856,USDT,2021-07-29,0
58525027371,USDT,2021-07-30,0
51394668827,USDT,2021-07-31,0
56095370226,USDT,2021-08-01,0
51732217398,USDT,2021-08-02,0
53595668066,USDT,2021-08-03,0
55269578265,USDT,2021-08-04,0
67359787062,USDT,2021-08-05,0
69278482398,USDT,2021-08-06,0
83779571867,USDT,2021-08-07,0
74286538738,USDT,2021-08-08,0
77735706184,USDT,2021-08-09,0
74336970320,USDT,2021-08-10,0
87167321396,USDT,2021-08-11,0
82791032054,USDT,2021-08-12,0
73792175888,USDT,2021-08-13,0
76879764304,USDT,2021-08-14,0
77556076133,USDT,2021-08-15,0
84438013592,USDT,2021-08-16,0
87487581579,USDT,2021-08-17,0
79562378117,USDT,2021-08-18,0
79535190853,USDT,2021-08-19,0
75007653647,USDT,2021-08-20,0
77546194009,USDT,2021-08-21,0
63054090156,USDT,2021-08-22,0
78500144394,USDT,2021-08-23,0
82298987461,USDT,2021-08-24,0
78253794427,USDT,2021-08-25,0
75138574324,USDT,2021-08-26,0
77373122984,USDT,2021-08-27,0
62963190536,USDT,2021-08-28,0
61330496817,USDT,2021-08-29,0
72843224247,USDT,2021-08-30,0
86200102965,USDT,2021-08-31,0
86157816302,USDT,2021-09-01,0
85187889141,USDT,2021-09-02,0
94333024390,USDT,2021-09-03,0
84730751345,USDT,2021-09-04,0
80204406658,USDT,2021-09-05,0
95052134923,USDT,2021-09-06,0
163058669007,USDT,2021-09-07,0
126616185419,USDT,2021-09-08,0
99828369723,USDT,2021-09-09,0
96977805029,USDT,2021-09-10,0
77837822625,USDT,2021-09-11,0
73080229538,USDT,2021-09-12,0
97652941470,USDT,2021-09-13,0
77354384513,USDT,2021-09-14,0
67018323452,USDT,2021-09-15,0
76304339417,USDT,2021-09-16,0
67211526457,USDT,2021-09-17,0
60077519832,USDT,2021-09-18,0
55435472929,USDT,2021-09-19,0
100128036827,USDT,2021-09-20,0
97283217005,USDT,2021-09-21,0
80708278656,USDT,2021-09-22,0
71255677560,USDT,2021-09-23,0
93076113024,USDT,2021-09-24,0
66583739947,USDT,2021-09-25,0
78196884599,USDT,2021-09-26,0
70088186310,USDT,2021-09-27,0
66373042997,USDT,2021-09-28,0
64767185195,USDT,2021-09-29,0
65935536533,USDT,2021-09-30,0
81411630527,USDT,2021-10-01,0
67747297412,USDT,2021-10-02,0
61784201197,USDT,2021-10-03,0
74166327976,USDT,2021-10-04,0
76210707722,USDT,2021-10-05,0
96553805180,USDT,2021-10-06,0
91580420731,USDT,2021-10-07,0
79865522045,USDT,2021-10-08,0
67391135102,USDT,2021-10-09,0
69927661418,USDT,2021-10-10,0
75741431317,USDT,2021-10-11,0
73275476508,USDT,2021-10-12,0
78117249743,USDT,2021-10-13,0
68955958208,USDT,2021-10-14,0
89456766433,USDT,2021-10-15,0
65419462010,USDT,2021-10-16,0
57600914728,USDT,2021-10-17,0
66503250420,USDT,2021-10-18,0
62387883982,USDT,2021-10-19,0
70187915900,USDT,2021-10-20,0
84189482202,USDT,2021-10-21,0
73919161798,USDT,2021-10-22,0
55395032239,USDT,2021-10-23,0
66669467996,USDT,2021-10-24,0
66194185821,USDT,2021-10-25,0
77630649473,USDT,2021-10-26,0
124069805053,USDT,2021-10-27,0
121660107352,USDT,2021-10-28,0
87302831458,USDT,2021-10-29,0
86474453142,USDT,2021-10-30,0
91561112863,USDT,2021-10-31,0
87025283378,USDT,2021-11-01,0
149878312204,USDT,2021-11-02,0
89436836448,USDT,2021-11-03,0
87280485610,USDT,2021-11-04,0
76677676369,USDT,2021-11-05,0
65151095549,USDT,2021-11-06,0
55905241687,USDT,2021-11-07,0
82548510715,USDT,2021-11-08,0
93002275939,USDT,2021-11-09,0
113809197171,USDT,2021-11-10,0
83970826408,USDT,2021-11-11,0
82883678293,USDT,2021-11-12,0
65797472687,USDT,2021-11-13,0
54429579952,USDT,2021-11-14,0
64113625426,USDT,2021-11-15,0
98954557342,USDT,2021-11-16,0
84478860409,USDT,2021-11-17,0
95287465626,USDT,2021-11-18,0
82193745588,USDT,2021-11-19,0
72417177800,USDT,2021-11-20,0
69057268195,USDT,2021-11-21,0
79375135623,USDT,2021-11-22,0
84196469142,USDT,2021-11-23,0
84317323264,USDT,2021-11-24,0
91394294449,USDT,2021-11-25,0
106740129710,USDT,2021-11-26,0
73666340601,USDT,2021-11-27,0
73452340871,USDT,2021-11-28,0
73041134842,USDT,2021-11-29,0
87396693339,USDT,2021-11-30,0
80908197091,USDT,2021-12-01,0
77139535799,USDT,2021-12-02,0
92639344690,USDT,2021-12-03,0
138598008408,USDT,2021-12-04,0
82054153191,USDT,2021-12-05,0
93691250219,USDT,2021-12-06,0
76247192218,USDT,2021-12-07,0
69621457268,USDT,2021-12-08,0
69831553004,USDT,2021-12-09,0
68959994142,USDT,2021-12-10,0
57132834419,USDT,2021-12-11,0
46141935617,USDT,2021-12-12,0
66458705759,USDT,2021-12-13,0
72787499023,USDT,2021-12-14,0
77440719349,USDT,2021-12-15,0
60612599459,USDT,2021-12-16,0
69599166416,USDT,2021-12-17,0
55813387710,USDT,2021-12-18,0
49752180810,USDT,2021-12-19,0
66647887174,USDT,2021-12-20,0
55687834682,USDT,2021-12-21,0
57931430463,USDT,2021-12-22,0
69151777565,USDT,2021-12-23,0
60467261268,USDT,2021-12-24,0
48124514320,USDT,2021-12-25,0
50593058831,USDT,2021-12-26,0
54788742594,USDT,2021-12-27,0
74531099414,USDT,2021-12-28,0
63544101067,USDT,2021-12-29,0
54862404131,USDT,2021-12-30,0
57299598140,USDT,2021-12-31,0
43336209524,USDT,2022-01-01,0
43202922802,USDT,2022-01-02,0
54125933259,USDT,2022-01-03,0
60765931554,USDT,2022-01-04,0
77225535519,USDT,2022-01-05,0
71751236899,USDT,2022-01-06,0
82344370614,USDT,2022-01-07,0
62394894090,USDT,2022-01-08,0
49109221960,USDT,2022-01-09,0
68455690767,USDT,2022-01-10,0
59061400900,USDT,2022-01-11,0
62300703831,USDT,2022-01-12,0
63231903910,USDT,2022-01-13,0
60503324000,USDT,2022-01-14,0
41922988280,USDT,2022-01-15,0
41551382127,USDT,2022-01-16,0
51430977642,USDT,2022-01-17,0
52799723207,USDT,2022-01-18,0
50127231375,USDT,2022-01-19,0
38591713522,USDT,2022-01-20,0
86570105642,USDT,2022-01-21,0
90441827607,USDT,2022-01-22,0
57296666670,USDT,2022-01-23,0
88845381041,USDT,2022-01-24,0
58560287216,USDT,2022-01-25,0
70750980627,USDT,2022-01-26,0
53950927548,USDT,2022-01-27,0
50688257403,USDT,2022-01-28,0
39357192812,USDT,2022-01-29,0
35043713256,USDT,2022-01-30,0
45082693892,USDT,2022-01-31,0
43193864245,USDT,2022-02-01,0
44198324772,USDT,2022-02-02,0
41979444063,USDT,2022-02-03,0
59154422463,USDT,2022-02-04,0
50686325002,USDT,2022-02-05,0
40572292703,USDT,2022-02-06,0
64635714287,USDT,2022-02-07,0
72230569455,USDT,2022-02-08,0
53386706331,USDT,2022-02-09,0
77334791717,USDT,2022-02-10,0
66753002645,USDT,2022-02-11,0
49138854287,USDT,2022-02-12,0
41277090178,USDT,2022-02-13,0
48318327792,USDT,2022-02-14,0
53542330209,USDT,2022-02-15,0
48729582312,USDT,2022-02-16,0
59426477844,USDT,2022-02-17,0
52679060916,USDT,2022-02-18,0
37278604791,USDT,2022-02-19,0
45611091002,USDT,2022-02-20,0
72043746349,USDT,2022-02-21,0
60539262856,USDT,2022-02-22,0
54845607157,USDT,2022-02-23,0
107952010250,USDT,2022-02-24,0
66025345539,USDT,2022-02-25,0
46708690534,USDT,2022-02-26,0
57257598779,USDT,2022-02-27,0
72330789600,USDT,2022-02-28,0
75388694286,USDT,2022-03-01,0
68076385283,USDT,2022-03-02,0
57033279685,USDT,2022-03-03,0
61900652306,USDT,2022-03-04,0
39306054797,USDT,2022-03-05,0
43914369258,USDT,2022-03-06,0
61333826920,USDT,2022-03-07,0
55667916973,USDT,2022-03-08,0
67017876859,USDT,2022-03-09,0
65784999972,USDT,2022-03-10,0
58051333936,USDT,2022-03-11,0
38101124958,USDT,2022-03-12,0
42268710956,USDT,2022-03-13,0
52613345077,USDT,2022-03-14,0
52961395870,USDT,2022-03-15,0
74673285342,USDT,2022-03-16,0
52913216462,USDT,2022-03-17,0
64969319781,USDT,2022-03-18,0
58881848497,USDT,2022-03-19,0
57837125338,USDT,2022-03-20,0
64828148834,USDT,2022-03-21,0
71455738693,USDT,2022-03-22,0
68181581345,USDT,2022-03-23,0
77842904360,USDT,2022-03-24,0
64320675570,USDT,2022-03-25,0
39871932342,USDT,2022-03-26,0
59103680528,USDT,2022-03-27,0
86217871591,USDT,2022-03-28,0
80447404974,USDT,2022-03-29,0
79713341087,USDT,2022-03-30,0
90489848043,USDT,2022-03-31,0
92250507858,USDT,2022-04-01,0
79916606735,USDT,2022-04-02,0
67183096448,USDT,2022-04-03,0
79820905659,USDT,2022-04-04,0
71594982811,USDT,2022-04-05,0
92098510461,USDT,2022-04-06,0
61906251582,USDT,2022-04-07,0
64297486911,USDT,2022-04-08,0
40069848333,USDT,2022-04-09,0
43341611560,USDT,2022-04-10,0
73914574528,USDT,2022-04-11,0
68489224153,USDT,2022-04-12,0
57894656914,USDT,2022-04-13,0
52908937427,USDT,2022-04-14,0
42988969647,USDT,2022-04-15,0
35315439111,USDT,2022-04-16,0
40964576376,USDT,2022-04-17,0
68691204704,USDT,2022-04-18,0
57975539645,USDT,2022-04-19,0
66021482830,USDT,2022-04-20,0
77014328066,USDT,2022-04-21,0
60728483573,USDT,2022-04-22,0
38357597167,USDT,2022-04-23,0
39519383045,USDT,2022-04-24,0
73256647805,USDT,2022-04-25,0
69068297656,USDT,2022-04-26,0
61043327313,USDT,2022-04-27,0
68392086439,USDT,2022-04-28,0
67899674445,USDT,2022-04-29,0
57266339850,USDT,2022-04-30,0
61420362842,USDT,2022-05-01,0
63751566652,USDT,2022-05-02,0
52924035065,USDT,2022-05-03,0
72222517203,USDT,2022-05-04,0
85679638685,USDT,2022-05-05,0
81327879764,USDT,2022-05-06,0
57202594793,USDT,2022-05-07,0
77900163502,USDT,2022-05-08,0
120710294040,USDT,2022-05-09,0
128692083965,USDT,2022-05-10,0
159700404396,USDT,2022-05-11,0
141052751792,USDT,2022-05-12,0
87009885196,USDT,2022-05-13,0
60781876668,USDT,2022-05-14,0
53979914930,USDT,2022-05-15,0
62504490441,USDT,2022-05-16,0
55745978864,USDT,2022-05-17,0
56067250693,USDT,2022-05-18,0
59651836770,USDT,2022-05-19,0
54960961209,USDT,2022-05-20,0
34924240134,USDT,2022-05-21,0
40965864100,USDT,2022-05-22,0
58585612765,USDT,2022-05-23,0
51053417289,USDT,2022-05-24,0
50311844127,USDT,2022-05-25,0
67771285444,USDT,2022-05-26,0
67961870830,USDT,2022-05-27,0
37159842905,USDT,2022-05-28,0
34572061153,USDT,2022-05-29,0
65155466235,USDT,2022-05-30,0
62841794272,USDT,2022-05-31,0
68866735590,USDT,2022-06-01,0
50520845556,USDT,2022-06-02,0
43789145735,USDT,2022-06-03,0
30834183068,USDT,2022-06-04,0
30872185296,USDT,2022-06-05,0
51540243030,USDT,2022-06-06,0
67008901675,USDT,2022-06-07,0
52176620958,USDT,2022-06-08,0
42359067750,USDT,2022-06-09,0
49685289881,USDT,2022-06-10,0
48736816876,USDT,2022-06-11,0
59051274983,USDT,2022-06-12,0
107410569162,USDT,2022-06-13,0
81024425505,USDT,2022-06-14,0
89017006423,USDT,2022-06-15,0
52400892767,USDT,2022-06-16,0
43836219287,USDT,2022-06-17,0
61973128141,USDT,2022-06-18,0
55603476684,USDT,2022-06-19,0
52157987688,USDT,2022-06-20,0
50165859626,USDT,2022-06-21,0
46130025676,USDT,2022-06-22,0
43198538082,USDT,2022-06-23,0
46919267632,USDT,2022-06-24,0
36390241725,USDT,2022-06-25,0
37228683270,USDT,2022-06-26,0
39296953700,USDT,2022-06-27,0
40773930242,USDT,2022-06-28,0
44380636377,USDT,2022-06-29,0
45578518327,USDT,2022-06-30,0
49683415220,USDT,2022-07-01,0
31666712588,USDT,2022-07-02,0
27890770459,USDT,2022-07-03,0
37816157114,USDT,2022-07-04,0
46794873591,USDT,2022-07-05,0
41932894214,USDT,2022-07-06,0
41395542117,USDT,2022-07-07,0
64720676603,USDT,2022-07-08,0
38957001478,USDT,2022-07-09,0
40170710077,USDT,2022-07-10,0
38726869251,USDT,2022-07-11,0
40368791506,USDT,2022-07-12,0
51757860849,USDT,2022-07-13,0
49222660233,USDT,2022-07-14,0
45982487607,USDT,2022-07-15,0
44126749597,USDT,2022-07-16,0
42189248625,USDT,2022-07-17,0
70390606911,USDT,2022-07-18,0
77160548741,USDT,2022-07-19,0
68306872702,USDT,2022-07-20,0
55292189306,USDT,2022-07-21,0
51645071119,USDT,2022-07-22,0
43014917183,USDT,2022-07-23,0
41955275140,USDT,2022-07-24,0
56307512994,USDT,2022-07-25,0
48266723630,USDT,2022-07-26,0
60104591185,USDT,2022-07-27,0
75754591120,USDT,2022-07-28,0
72013108986,USDT,2022-07-29,0
57489826931,USDT,2022-07-30,0
52267348020,USDT,2022-07-31,0
50882756969,USDT,2022-08-01,0
54793315279,USDT,2022-08-02,0
47717439471,USDT,2022-08-03,0
44526180493,USDT,2022-08-04,0
49723473321,USDT,2022-08-05,0
32961917502,USDT,2022-08-06,0
29901528651,USDT,2022-08-07,0
50243147547,USDT,2022-08-08,0
46070684571,USDT,2022-08-09,0
60085173824,USDT,2022-08-10,0
64445391375,USDT,2022-08-11,0
46783370955,USDT,2022-08-12,0
41593883061,USDT,2022-08-13,0
43866838979,USDT,2022-08-14,0
57703388667,USDT,2022-08-15,0
46945222159,USDT,2022-08-16,0
53355167557,USDT,2022-08-17,0
43149679443,USDT,2022-08-18,0
64302127382,USDT,2022-08-19,0
64302127382,USDT,2022-08-20,0
45699064002,USDT,2022-08-21,0
51710064329,USDT,2022-08-22,0
52978066914,USDT,2022-08-23,0
48708536003,USDT,2022-08-24,0
45854093190,USDT,2022-08-25,0
62406193046,USDT,2022-08-26,0
43316381517,USDT,2022-08-27,0
34337927087,USDT,2022-08-28,0
45837060552,USDT,2022-08-29,0
50170084207,USDT,2022-08-30,0
48405934722,USDT,2022-08-31,0
44702355872,USDT,2022-09-01,0
44468235183,USDT,2022-09-02,0
30873646175,USDT,2022-09-03,0
31495577330,USDT,2022-09-04,0
39598045837,USDT,2022-09-05,0
64015343588,USDT,2022-09-06,0
52755357561,USDT,2022-09-07,0
49640976411,USDT,2022-09-08,0
70683518131,USDT,2022-09-09,0
53524443076,USDT,2022-09-10,0
47160062304,USDT,2022-09-11,0
66834639114,USDT,2022-09-12,0
71413926112,USDT,2022-09-13,0
55170613417,USDT,2022-09-14,0
60606622307,USDT,2022-09-15,0
46290851147,USDT,2022-09-16,0
34904822689,USDT,2022-09-17,0
46056427438,USDT,2022-09-18,0
56769197831,USDT,2022-09-19,0
50515394641,USDT,2022-09-20,0
63560607050,USDT,2022-09-21,0
54330130153,USDT,2022-09-22,0
58265731392,USDT,2022-09-23,0
39015165939,USDT,2022-09-24,0
35041309688,USDT,2022-09-25,0
57810071895,USDT,2022-09-26,0
71681603882,USDT,2022-09-27,0
65738293663,USDT,2022-09-28,0
52649004466,USDT,2022-09-29,0
55223655589,USDT,2022-09-30,0
27312920843,USDT,2022-10-01,0
30109417396,USDT,2022-10-02,0
40191505534,USDT,2022-10-03,0
44505643606,USDT,2022-10-04,0
41883470473,USDT,2022-10-05,0
43958843047,USDT,2022-10-06,0
38019451874,USDT,2022-10-07,0
23441883205,USDT,2022-10-08,0
22977760897,USDT,2022-10-09,0
37843287016,USDT,2022-10-10,0
38468219592,USDT,2022-10-11,0
33048616462,USDT,2022-10-12,0
60450860335,USDT,2022-10-13,0
48926387475,USDT,2022-10-14,0
25527432092,USDT,2022-10-15,0
27428821905,USDT,2022-10-16,0
36706571573,USDT,2022-10-17,0
39012357142,USDT,2022-10-18,0
32767030077,USDT,2022-10-19,0
32981854458,USDT,2022-10-20,0
41430999058,USDT,2022-10-21,0
24133042918,USDT,2022-10-22,0
31629519444,USDT,2022-10-23,0
40494105063,USDT,2022-10-24,0
64740988487,USDT,2022-10-25,0
78294376043,USDT,2022-10-26,0
68447928073,USDT,2022-10-27,0
61718295435,USDT,2022-10-28,0
67603092351,USDT,2022-10-29,0
52873524542,USDT,2022-10-30,0
67168423338,USDT,2022-10-31,0
56795449219,USDT,2022-11-01,0
76399032768,USDT,2022-11-02,0
61590549857,USDT,2022-11-03,0
88078834184,USDT,2022-11-04,0
57121137337,USDT,2022-11-05,0
51095877870,USDT,2022-11-06,0
72598608064,USDT,2022-11-07,0
162734866334,USDT,2022-11-08,0
143975136007,USDT,2022-11-09,0
114807119109,USDT,2022-11-10,0
74933538836,USDT,2022-11-11,0
40298138489,USDT,2022-11-12,0
40189889540,USDT,2022-11-13,0
65634612428,USDT,2022-11-14,0
47859299075,USDT,2022-11-15,0
45661177296,USDT,2022-11-16,0
37744442250,USDT,2022-11-17,0
34879098921,USDT,2022-11-18,0
23288439137,USDT,2022-11-19,0
33834889406,USDT,2022-11-20,0
54558293762,USDT,2022-11-21,0
44056204568,USDT,2022-11-22,0
45720458651,USDT,2022-11-23,0
36841695607,USDT,2022-11-24,0
25728613650,USDT,2022-11-25,0
25190862393,USDT,2022-11-26,0
27588594951,USDT,2022-11-27,0
37268352299,USDT,2022-11-28,0
31450915067,USDT,2022-11-29,0
37405224166,USDT,2022-11-30,0
29913541569,USDT,2022-12-01,1
26380777290,USDT,2022-12-02,1
20609261957,USDT,2022-12-03,1
21649754992,USDT,2022-12-04,1
28743587598,USDT,2022-12-05,1
25563996757,USDT,2022-12-06,1
25829885797,USDT,2022-12-07,1
25868764140,USDT,2022-12-08,1
25000886944,USDT,2022-12-09,1
16256414916,USDT,2022-12-10,1
17036610394,USDT,2022-12-11,1
25872687355,USDT,2022-12-12,1
37452330494,USDT,2022-12-13,1
31427740393,USDT,2022-12-14,1
24979746073,USDT,2022-12-15,1
31897990627,USDT,2022-12-16,1
21306704152,USDT,2022-12-17,1
14422416298,USDT,2022-12-18,1
21820408554,USDT,2022-12-19,1
26224288350,USDT,2022-12-20,1
18469483242,USDT,2022-12-21,1
20067291688,USDT,2022-12-22,1
18370924559,USDT,2022-12-23,1
11647419533,USDT,2022-12-24,1
14856104217,USDT,2022-12-25,1
14986560291,USDT,2022-12-26,1
18554435182,USDT,2022-12-27,1
21161758512,USDT,2022-12-28,1
18567214596,USDT,2022-12-29,1
19162959224,USDT,2022-12-30,1
13466542553,USDT,2022-12-31,1
11344984018,USDT,2023-01-01,1
16348780894,USDT,2023-01-02,1
18233713873,USDT,2023-01-03,1
24715975399,USDT,2023-01-04,1
19334292777,USDT,2023-01-05,1
20350836697,USDT,2023-01-06,1
11626878301,USDT,2023-01-07,1
14853747515,USDT,2023-01-08,1
31331363115,USDT,2023-01-09,1
23843949758,USDT,2023-01-10,1
25576360686,USDT,2023-01-11,1
41556485542,USDT,2023-01-12,1
35704375577,USDT,2023-01-13,1
53708266585,USDT,2023-01-14,1
30028224816,USDT,2023-01-15,1
35957366329,USDT,2023-01-16,1
32250868598,USDT,2023-01-17,1
40496222408,USDT,2023-01-18,1
25966707878,USDT,2023-01-19,1
33794858528,USDT,2023-01-20,1
40470629184,USDT,2023-01-21,1
32852491605,USDT,2023-01-22,1
35271449760,USDT,2023-01-23,1
34777970359,USDT,2023-01-24,1
39242817276,USDT,2023-01-25,1
34910787321,USDT,2023-01-26,1
34658058512,USDT,2023-01-27,1
23967491540,USDT,2023-01-28,1
33570913369,USDT,2023-01-29,1
37178895589,USDT,2023-01-30,1
31416134222,USDT,2023-01-31,1
36688644471,USDT,2023-02-01,1
43575657052,USDT,2023-02-02,1
36792033814,USDT,2023-02-03,1
24493083193,USDT,2023-02-04,1
30313569702,USDT,2023-02-05,1
32088027094,USDT,2023-02-06,1
39183502892,USDT,2023-02-07,1
39133872723,USDT,2023-02-08,1
47895876169,USDT,2023-02-09,1
37581182134,USDT,2023-02-10,1
22803314101,USDT,2023-02-11,1
24662650244,USDT,2023-02-12,1
41054083637,USDT,2023-02-13,1
40374822815,USDT,2023-02-14,1
44524116301,USDT,2023-02-15,1
57045633961,USDT,2023-02-16,1
53478834233,USDT,2023-02-17,1
30777314971,USDT,2023-02-18,1
39281755451,USDT,2023-02-19,1
44403471554,USDT,2023-02-20,1
45397558230,USDT,2023-02-21,1
43805622619,USDT,2023-02-22,1
40733371959,USDT,2023-02-23,1
39747788121,USDT,2023-02-24,1
25281973906,USDT,2023-02-25,1
23103836401,USDT,2023-02-26,1
31170898346,USDT,2023-02-27,1
29878544329,USDT,2023-02-28,1
33994082293,USDT,2023-03-01,1
28824873446,USDT,2023-03-02,1
37747411845,USDT,2023-03-03,1
18409338907,USDT,2023-03-04,1
19088160147,USDT,2023-03-05,1
24736796655,USDT,2023-03-06,1
31500223933,USDT,2023-03-07,1
31323198703,USDT,2023-03-08,1
41653343124,USDT,2023-03-09,1
55191206438,USDT,2023-03-10,1
65038416671,USDT,2023-03-11,1
48442153750,USDT,2023-03-12,1
72852500939,USDT,2023-03-13,1
74778462453,USDT,2023-03-14,1
62575628923,USDT,2023-03-15,1
46345690965,USDT,2023-03-16,1
61866017598,USDT,2023-03-17,1
47735900216,USDT,2023-03-18,1
44405090365,USDT,2023-03-19,1
54497686907,USDT,2023-03-20,1
49904460369,USDT,2023-03-21,1
50711682141,USDT,2023-03-22,1
39641340671,USDT,2023-03-23,1
40600299923,USDT,2023-03-24,1
22544554979,USDT,2023-03-25,1
21431041962,USDT,2023-03-26,1
29216004744,USDT,2023-03-27,1
27305773765,USDT,2023-03-28,1
32050016572,USDT,2023-03-29,1
34935146979,USDT,2023-03-30,1
29809423853,USDT,2023-03-31,1
19879792202,USDT,2023-04-01,1
21255417929,USDT,2023-04-02,1
33940605510,USDT,2023-04-03,1
28651211704,USDT,2023-04-04,1
29374587800,USDT,2023-04-05,1
23758252949,USDT,2023-04-06,1
19099660090,USDT,2023-04-07,1
18174194744,USDT,2023-04-08,1
19753710646,USDT,2023-04-09,1
27938130200,USDT,2023-04-10,1
30207674345,USDT,2023-04-11,1
30471411545,USDT,2023-04-12,1
30853738919,USDT,2023-04-13,1
43263085148,USDT,2023-04-14,1
23715727388,USDT,2023-04-15,1
24405645675,USDT,2023-04-16,1
32406207872,USDT,2023-04-17,1
32344221199,USDT,2023-04-18,1
42801912254,USDT,2023-04-19,1
36282233270,USDT,2023-04-20,1
34553496031,USDT,2023-04-21,1
20337083601,USDT,2023-04-22,1
19881820238,USDT,2023-04-23,1
25519663344,USDT,2023-04-24,1
25931247322,USDT,2023-04-25,1
43664074716,USDT,2023-04-26,1
35809974908,USDT,2023-04-27,1
27117912216,USDT,2023-04-28,1
16553983401,USDT,2023-04-29,1
21489188232,USDT,2023-04-30,1
29128129876,USDT,2023-05-01,1
24895722187,USDT,2023-05-02,1
29787863486,USDT,2023-05-03,1
22536823772,USDT,2023-05-04,1
29375040253,USDT,2023-05-05,1
27117468583,USDT,2023-05-06,1
18725657881,USDT,2023-05-07,1
32860419478,USDT,2023-05-08,1
22126554663,USDT,2023-05-09,1
31704546238,USDT,2023-05-10,1
26131663102,USDT,2023-05-11,1
28824954947,USDT,2023-05-12,1
15655448449,USDT,2023-05-13,1
14874679168,USDT,2023-05-14,1
21594744662,USDT,2023-05-15,1
19841483059,USDT,2023-05-16,1
24293380413,USDT,2023-05-17,1
22493741162,USDT,2023-05-18,1
17414028938,USDT,2023-05-19,1
11851408172,USDT,2023-05-20,1
13532622119,USDT,2023-05-21,1
17216429735,USDT,2023-05-22,1
21420969303,USDT,2023-05-23,1
25306791660,USDT,2023-05-24,1
20956153601,USDT,2023-05-25,1
19111705070,USDT,2023-05-26,1
12433601962,USDT,2023-05-27,1
21242373192,USDT,2023-05-28,1
22313821215,USDT,2023-05-29,1
21495789250,USDT,2023-05-30,1
23174506660,USDT,2023-05-31,1
20725195153,USDT,2023-06-01,1
20867435500,USDT,2023-06-02,1
13418796255,USDT,2023-06-03,1
14904403851,USDT,2023-06-04,1
33807354175,USDT,2023-06-05,1
30910972861,USDT,2023-06-06,1
28078183756,USDT,2023-06-07,1
18183759822,USDT,2023-06-08,1
18180149900,USDT,2023-06-09,1
39594900162,USDT,2023-06-10,1
17537918491,USDT,2023-06-11,1
21083018568,USDT,2023-06-12,1
23706670402,USDT,2023-06-13,1
23021035089,USDT,2023-06-14,1
26724033220,USDT,2023-06-15,1
22643402807,USDT,2023-06-16,1
16785486745,USDT,2023-06-17,1
14276388752,USDT,2023-06-18,1
17980147544,USDT,2023-06-19,1
27490561659,USDT,2023-06-20,1
41597850081,USDT,2023-06-21,1
31071097282,USDT,2023-06-22,1
31145738921,USDT,2023-06-23,1
20749225264,USDT,2023-06-24,1
21373038596,USDT,2023-06-25,1
26117984793,USDT,2023-06-26,1
23449790413,USDT,2023-06-27,1
23894930229,USDT,2023-06-28,1
21010132360,USDT,2023-06-29,1
43642431673,USDT,2023-06-30,1
19795362801,USDT,2023-07-01,1
20337659643,USDT,2023-07-02,1
26282530169,USDT,2023-07-03,1
20970952942,USDT,2023-07-04,1
21584664810,USDT,2023-07-05,1
30430114230,USDT,2023-07-06,1
21072109064,USDT,2023-07-07,1
13426621991,USDT,2023-07-08,1
13296750364,USDT,2023-07-09,1
23313495695,USDT,2023-07-10,1
18221606248,USDT,2023-07-11,1
20685690690,USDT,2023-07-12,1
41556380527,USDT,2023-07-13,1
39502042324,USDT,2023-07-14,1
18925797737,USDT,2023-07-15,1
17514358400,USDT,2023-07-16,1
24482827973,USDT,2023-07-17,1
22117323145,USDT,2023-07-18,1
21629091201,USDT,2023-07-19,1
25849427845,USDT,2023-07-20,1
21736934537,USDT,2023-07-21,1
15361411060,USDT,2023-07-22,1
15719491555,USDT,2023-07-23,1
24790908035,USDT,2023-07-24,1
18046684131,USDT,2023-07-25,1
22065183057,USDT,2023-07-26,1
17964435031,USDT,2023-07-27,1
17371797760,USDT,2023-07-28,1
11962846967,USDT,2023-07-29,1
15914742870,USDT,2023-07-30,1
18354638255,USDT,2023-07-31,1
27115449240,USDT,2023-08-01,1
26312546015,USDT,2023-08-02,1
20365437032,USDT,2023-08-03,1
20189124066,USDT,2023-08-04,1
14278737533,USDT,2023-08-05,1
14800094198,USDT,2023-08-06,1
23981817200,USDT,2023-08-07,1
25874561718,USDT,2023-08-08,1
22920990916,USDT,2023-08-09,1
18525528096,USDT,2023-08-10,1
16439483171,USDT,2023-08-11,1
11930000390,USDT,2023-08-12,1
14122729675,USDT,2023-08-13,1
20154696560,USDT,2023-08-14,1
21720437145,USDT,2023-08-15,1
24501625172,USDT,2023-08-16,1
46202367641,USDT,2023-08-17,1
34300507987,USDT,2023-08-18,1
17888080535,USDT,2023-08-19,1
15722340351,USDT,2023-08-20,1
21350289570,USDT,2023-08-21,1
24087904847,USDT,2023-08-22,1
25410027986,USDT,2023-08-23,1
20070736123,USDT,2023-08-24,1
19999153582,USDT,2023-08-25,1
11240935990,USDT,2023-08-26,1
12072570625,USDT,2023-08-27,1
18160207139,USDT,2023-08-28,1
39257157473,USDT,2023-08-29,1
22718699935,USDT,2023-08-30,1
27302426037,USDT,2023-08-31,1
25428948060,USDT,2023-09-01,1
16557766093,USDT,2023-09-02,1
14510340452,USDT,2023-09-03,1
17920742517,USDT,2023-09-04,1
18323727990,USDT,2023-09-05,1
19715200487,USDT,2023-09-06,1
18242134001,USDT,2023-09-07,1
17906934253,USDT,2023-09-08,1
10128707374,USDT,2023-09-09,1
15171173010,USDT,2023-09-10,1
24658044680,USDT,2023-09-11,1
26626307087,USDT,2023-09-12,1
20526953164,USDT,2023-09-13,1
21251601415,USDT,2023-09-14,1
19295499486,USDT,2023-09-15,1
14317870597,USDT,2023-09-16,1
12731066338,USDT,2023-09-17,1
23169510106,USDT,2023-09-18,1
19869924197,USDT,2023-09-19,1
20831080166,USDT,2023-09-20,1
65289803093,USDT,2023-09-21,1
16422421266,USDT,2023-09-22,1
12105054638,USDT,2023-09-23,1
13177215723,USDT,2023-09-24,1
18410794811,USDT,2023-09-25,1
17449026978,USDT,2023-09-26,1
21012429240,USDT,2023-09-27,1
23496469874,USDT,2023-09-28,1
33744855887,USDT,2023-09-29,1
28335840810,USDT,2023-09-30,1
26887832164,USDT,2023-10-01,1
33775951107,USDT,2023-10-02,1
28992376862,USDT,2023-10-03,1
21138935230,USDT,2023-10-04,1
18816329985,USDT,2023-10-05,1
19152176768,USDT,2023-10-06,1
11006329208,USDT,2023-10-07,1
12488411034,USDT,2023-10-08,1
20684218429,USDT,2023-10-09,1
17384784047,USDT,2023-10-10,1
19945698427,USDT,2023-10-11,1
16234691731,USDT,2023-10-12,1
21158055012,USDT,2023-10-13,1
9989859215,USDT,2023-10-14,1
12496424347,USDT,2023-10-15,1
47707269941,USDT,2023-10-16,1
38333912794,USDT,2023-10-17,1
32819081997,USDT,2023-10-18,1
33070893762,USDT,2023-10-19,1
40795586179,USDT,2023-10-20,1
31214248865,USDT,2023-10-21,1
33182189773,USDT,2023-10-22,1
50238491833,USDT,2023-10-23,1
60389981030,USDT,2023-10-24,1
37032981246,USDT,2023-10-25,1
34400726384,USDT,2023-10-26,1
26940157935,USDT,2023-10-27,1
17102158535,USDT,2023-10-28,1
17945833722,USDT,2023-10-29,1
28763511481,USDT,2023-10-30,1
29335341382,USDT,2023-10-31,1
39913237495,USDT,2023-11-01,1
37061602828,USDT,2023-11-02,1
30750864935,USDT,2023-11-03,1
20039891292,USDT,2023-11-04,1
27539467535,USDT,2023-11-05,1
28998480107,USDT,2023-11-06,1
37131401565,USDT,2023-11-07,1
31439123893,USDT,2023-11-08,1
71681797266,USDT,2023-11-09,1
50393389957,USDT,2023-11-10,1
40492882175,USDT,2023-11-11,1
34090921591,USDT,2023-11-12,1
47623447835,USDT,2023-11-13,1
47902433059,USDT,2023-11-14,1
49894898098,USDT,2023-11-15,1
52458412049,USDT,2023-11-16,1
45809290050,USDT,2023-11-17,1
30549410765,USDT,2023-11-18,1
28609109544,USDT,2023-11-19,1
40570824216,USDT,2023-11-20,1
48932459629,USDT,2023-11-21,1
43622993259,USDT,2023-11-22,1
28640324596,USDT,2023-11-23,1
40071555958,USDT,2023-11-24,1
23045093192,USDT,2023-11-25,1
30299804822,USDT,2023-11-26,1
38568585545,USDT,2023-11-27,1
37720536626,USDT,2023-11-28,1
35115076722,USDT,2023-11-29,1
29247809691,USDT,2023-11-30,1
36738335582,USDT,2023-12-01,1
31086578261,USDT,2023-12-02,1
32506614462,USDT,2023-12-03,1
74534917166,USDT,2023-12-04,1
59504264657,USDT,2023-12-05,1
57074332907,USDT,2023-12-06,1
52213979484,USDT,2023-12-07,1
48979635040,USDT,2023-12-08,1
45714652119,USDT,2023-12-09,1
32521476893,USDT,2023-12-10,1
73473005079,USDT,2023-12-11,1
50960203250,USDT,2023-12-12,1
52038965688,USDT,2023-12-13,1
50697278985,USDT,2023-12-14,1
45289072124,USDT,2023-12-15,1
34866731284,USDT,2023-12-16,1
34792857542,USDT,2023-12-17,1
47767663338,USDT,2023-12-18,1
44657013334,USDT,2023-12-19,1
50936892565,USDT,2023-12-20,1
48533420642,USDT,2023-12-21,1
52902171478,USDT,2023-12-22,1
36651294683,USDT,2023-12-23,1
49444358257,USDT,2023-12-24,1
61756563211,USDT,2023-12-25,1
63483140133,USDT,2023-12-26,1
56078039633,USDT,2023-12-27,1
59086706628,USDT,2023-12-28,1
52443392742,USDT,2023-12-29,1
31559955137,USDT,2023-12-30,1
33159237822,USDT,2023-12-31,1
35556530943,USDT,2024-01-01,1
59445456300,USDT,2024-01-02,1
87663506544,USDT,2024-01-03,1
54080510298,USDT,2024-01-04,1
53743098427,USDT,2024-01-05,1
32532178110,USDT,2024-01-06,1
32666859534,USDT,2024-01-07,1
61906019146,USDT,2024-01-08,1
61396977432,USDT,2024-01-09,1
80427898461,USDT,2024-01-10,1
78116360556,USDT,2024-01-11,1
71993899911,USDT,2024-01-12,1
38741665180,USDT,2024-01-13,1
35054633394,USDT,2024-01-14,1
41325317168,USDT,2024-01-15,1
43063894677,USDT,2024-01-16,1
39917312476,USDT,2024-01-17,1
46185843187,USDT,2024-01-18,1
46650934337,USDT,2024-01-19,1
25670327311,USDT,2024-01-20,1
21953622854,USDT,2024-01-21,1
49537774963,USDT,2024-01-22,1
52394904183,USDT,2024-01-23,1
38440622439,USDT,2024-01-24,1
33716145309,USDT,2024-01-25,1
42091434921,USDT,2024-01-26,1
23232564659,USDT,2024-01-27,1
29379055847,USDT,2024-01-28,1
35674653681,USDT,2024-01-29,1
41189878063,USDT,2024-01-30,1
41189878063,USDT,2024-01-31,1
37397906057,USDT,2024-02-01,1
32455547367,USDT,2024-02-02,1
19986631753,USDT,2024-02-03,1
22080787677,USDT,2024-02-04,1
30574227480,USDT,2024-02-05,1
31068605844,USDT,2024-02-06,1
36206749333,USDT,2024-02-07,1
41495353803,USDT,2024-02-08,1
55541686302,USDT,2024-02-09,1
28746535798,USDT,2024-02-10,1
31433121648,USDT,2024-02-11,1
50194735130,USDT,2024-02-12,1
57692446059,USDT,2024-02-13,1
64385254811,USDT,2024-02-14,1
69469934488,USDT,2024-02-15,1
53607476361,USDT,2024-02-16,1
45457904701,USDT,2024-02-17,1
49507723529,USDT,2024-02-18,1
49248059896,USDT,2024-02-19,1
66817806001,USDT,2024-02-20,1
59273333052,USDT,2024-02-21,1
55760174038,USDT,2024-02-22,1
49400677249,USDT,2024-02-23,1
33883854964,USDT,2024-02-24,1
36679935803,USDT,2024-02-25,1
62980327478,USDT,2024-02-26,1
81780866102,USDT,2024-02-27,1
128007189181,USDT,2024-02-28,1
111968615893,USDT,2024-02-29,1
76389482142,USDT,2024-03-01,1
67653795192,USDT,2024-03-02,1
70762304723,USDT,2024-03-03,1
123818816561,USDT,2024-03-04,1
189867087465,USDT,2024-03-05,1
128487768220,USDT,2024-03-06,1
95225950701,USDT,2024-03-07,1
108030960578,USDT,2024-03-08,1
63272520530,USDT,2024-03-09,1
77540921867,USDT,2024-03-10,1
118434243798,USDT,2024-03-11,1
115805937864,USDT,2024-03-12,1
95338044782,USDT,2024-03-13,1
116520409213,USDT,2024-03-14,1
145040404215,USDT,2024-03-15,1
101796439885,USDT,2024-03-16,1
90407787768,USDT,2024-03-17,1
98373958984,USDT,2024-03-18,1
137581151030,USDT,2024-03-19,1
122985298758,USDT,2024-03-20,1
87543595572,USDT,2024-03-21,1
81269693027,USDT,2024-03-22,1
53727479558,USDT,2024-03-23,1
53627981617,USDT,2024-03-24,1
81204666738,USDT,2024-03-25,1
77399464621,USDT,2024-03-26,1
83797223894,USDT,2024-03-27,1
73312354659,USDT,2024-03-28,1
61237744035,USDT,2024-03-29,1
46808102783,USDT,2024-03-30,1
45354730502,USDT,2024-03-31,1
75369785257,USDT,2024-04-01,1
96522021189,USDT,2024-04-02,1
72294081106,USDT,2024-04-03,1
68789308326,USDT,2024-04-04,1
64371464433,USDT,2024-04-05,1
41022568112,USDT,2024-04-06,1
45028594985,USDT,2024-04-07,1
69769294376,USDT,2024-04-08,1
70338237086,USDT,2024-04-09,1
68657000944,USDT,2024-04-10,1
57625638532,USDT,2024-04-11,1
96319763859,USDT,2024-04-12,1
118933111448,USDT,2024-04-13,1
98630391164,USDT,2024-04-14,1
87031799798,USDT,2024-04-15,1
77388159492,USDT,2024-04-16,1
71118551643,USDT,2024-04-17,1
63558115213,USDT,2024-04-18,1
84354523666,USDT,2024-04-19,1
45625971025,USDT,2024-04-20,1
40914266460,USDT,2024-04-21,1
52741030322,USDT,2024-04-22,1
49389574681,USDT,2024-04-23,1
60998445931,USDT,2024-04-24,1
56150133824,USDT,2024-04-25,1
45201516166,USDT,2024-04-26,1
40609767473,USDT,2024-04-27,1
36114073992,USDT,2024-04-28,1
49733140585,USDT,2024-04-29,1
66092463422,USDT,2024-04-30,1
76859530069,USDT,2024-05-01,1
54769809487,USDT,2024-05-02,1
53871028495,USDT,2024-05-03,1
39527945715,USDT,2024-05-04,1
36224596673,USDT,2024-05-05,1
52931405950,USDT,2024-05-06,1
46143834059,USDT,2024-05-07,1
46623837988,USDT,2024-05-08,1
46236991775,USDT,2024-05-09,1
50244486838,USDT,2024-05-10,1
29171047578,USDT,2024-05-11,1
25865589825,USDT,2024-05-12,1
53205467613,USDT,2024-05-13,1
57380795961,USDT,2024-05-14,1
70663923975,USDT,2024-05-15,1
62000126842,USDT,2024-05-16,1
56249728895,USDT,2024-05-17,1
39091871989,USDT,2024-05-18,1
38312293613,USDT,2024-05-19,1
86442004708,USDT,2024-05-20,1
104832621504,USDT,2024-05-21,1
75458368905,USDT,2024-05-22,1
107880114240,USDT,2024-05-23,1
68659164363,USDT,2024-05-24,1
41182549806,USDT,2024-05-25,1
44796186073,USDT,2024-05-26,1
64469471473,USDT,2024-05-27,1
75112778670,USDT,2024-05-28,1
64306272506,USDT,2024-05-29,1
66107540689,USDT,2024-05-30,1
58892635053,USDT,2024-05-31,1
34114810017,USDT,2024-06-01,1
47966136014,USDT,2024-06-02,1
66326852767,USDT,2024-06-03,1
64592711851,USDT,2024-06-04,1
67311453236,USDT,2024-06-05,1
58624834999,USDT,2024-06-06,1
83727148277,USDT,2024-06-07,1
42654042043,USDT,2024-06-08,1
38460275023,USDT,2024-06-09,1
51346980569,USDT,2024-06-10,1
72360838236,USDT,2024-06-11,1
67692265125,USDT,2024-06-12,1
56101863399,USDT,2024-06-13,1
56734383862,USDT,2024-06-14,1
35823242153,USDT,2024-06-15,1
31962850043,USDT,2024-06-16,1
60712949361,USDT,2024-06-17,1
78695656625,USDT,2024-06-18,1
48283435769,USDT,2024-06-19,1
53052487180,USDT,2024-06-20,1
52864626463,USDT,2024-06-21,1
26893846849,USDT,2024-06-22,1
29265392695,USDT,2024-06-23,1
75556423079,USDT,2024-06-24,1
52502040528,USDT,2024-06-25,1
44813407523,USDT,2024-06-26,1
45267792573,USDT,2024-06-27,1
48868972915,USDT,2024-06-28,1
28311234049,USDT,2024-06-29,1
34937001727,USDT,2024-06-30,1
45876476553,USDT,2024-07-01,1
39391729670,USDT,2024-07-02,1
57042672759,USDT,2024-07-03,1
74732714381,USDT,2024-07-04,1
104430727675,USDT,2024-07-05,1
43532116200,USDT,2024-07-06,1
42863990186,USDT,2024-07-07,1
74590713592,USDT,2024-07-08,1
52771534181,USDT,2024-07-09,1
48310166694,USDT,2024-07-10,1
52287657808,USDT,2024-07-11,1
46446510451,USDT,2024-07-12,1
34421372740,USDT,2024-07-13,1
41068191081,USDT,2024-07-14,1
66578959504,USDT,2024-07-15,1
76288567031,USDT,2024-07-16,1
61898179810,USDT,2024-07-17,1
53674693484,USDT,2024-07-18,1
64622483446,USDT,2024-07-19,1
40368955293,USDT,2024-07-20,1
50474174912,USDT,2024-07-21,1
52730305555,USDT,2024-07-22,1
67217361972,USDT,2024-07-23,1
51701005917,USDT,2024-07-24,1
69959674584,USDT,2024-07-25,1
52685688859,USDT,2024-07-26,1
55047490100,USDT,2024-07-27,1
33668335667,USDT,2024-07-28,1
63609014546,USDT,2024-07-29,1
51267032806,USDT,2024-07-30,1
52003171104,USDT,2024-07-31,1
65833386618,USDT,2024-08-01,1
67773726855,USDT,2024-08-02,1
54276527600,USDT,2024-08-03,1
58452540746,USDT,2024-08-04,1
188926094526,USDT,2024-08-05,1
81396416579,USDT,2024-08-06,1
72320106597,USDT,2024-08-07,1
73383041658,USDT,2024-08-08,1
55251256632,USDT,2024-08-09,1
31042565436,USDT,2024-08-10,1
41909131618,USDT,2024-08-11,1
63275431596,USDT,2024-08-12,1
51440569199,USDT,2024-08-13,1
52144724490,USDT,2024-08-14,1
56751936622,USDT,2024-08-15,1
49001060836,USDT,2024-08-16,1
27396981274,USDT,2024-08-17,1
34966981759,USDT,2024-08-18,1
46796006984,USDT,2024-08-19,1
53591125880,USDT,2024-08-20,1
53113473486,USDT,2024-08-21,1
45673020568,USDT,2024-08-22,1
66435913915,USDT,2024-08-23,1
46227369084,USDT,2024-08-24,1
40361519650,USDT,2024-08-25,1
51030197598,USDT,2024-08-26,1
65120597214,USDT,2024-08-27,1
69866785923,USDT,2024-08-28,1
51557558279,USDT,2024-08-29,1
53462688174,USDT,2024-08-30,1
24536311364,USDT,2024-08-31,1
40816634044,USDT,2024-09-01,1
45617837521,USDT,2024-09-02,1
43284063635,USDT,2024-09-03,1
57499396611,USDT,2024-09-04,1
47219392114,USDT,2024-09-05,1
76063648537,USDT,2024-09-06,1
34349157560,USDT,2024-09-07,1
32754298136,USDT,2024-09-08,1
53645369813,USDT,2024-09-09,1
44958459857,USDT,2024-09-10,1
53910355372,USDT,2024-09-11,1
49496227393,USDT,2024-09-12,1
50561943685,USDT,2024-09-13,1
31284959922,USDT,2024-09-14,1
33574816326,USDT,2024-09-15,1
52359857999,USDT,2024-09-16,1
55698782715,USDT,2024-09-17,1
62277811817,USDT,2024-09-18,1
68815065769,USDT,2024-09-19,1
62999225593,USDT,2024-09-20,1
33954200576,USDT,2024-09-21,1
41426101070,USDT,2024-09-22,1
60077721757,USDT,2024-09-23,1
56967919219,USDT,2024-09-24,1
50797578929,USDT,2024-09-25,1
66981158381,USDT,2024-09-26,1
61923482857,USDT,2024-09-27,1
38585123416,USDT,2024-09-28,1
39151842030,USDT,2024-09-29,1
64288823984,USDT,2024-09-30,1
87661652549,USDT,2024-10-01,1
70063566098,USDT,2024-10-02,1
63125979096,USDT,2024-10-03,1
52705769943,USDT,2024-10-04,1
29417406990,USDT,2024-10-05,1
31287737203,USDT,2024-10-06,1
62209887550,USDT,2024-10-07,1
52704043947,USDT,2024-10-08,1
51841377811,USDT,2024-10-09,1
53496953156,USDT,2024-10-10,1
51632274020,USDT,2024-10-11,1
35944351076,USDT,2024-10-12,1
36960774632,USDT,2024-10-13,1
73645211355,USDT,2024-10-14,1
83963242850,USDT,2024-10-15,1
63169854723,USDT,2024-10-16,1
55057801321,USDT,2024-10-17,1
59487210585,USDT,2024-10-18,1
32490132300,USDT,2024-10-19,1
45409324314,USDT,2024-10-20,1
66839777317,USDT,2024-10-21,1
58886789137,USDT,2024-10-22,1
60689585382,USDT,2024-10-23,1
57614263583,USDT,2024-10-24,1
78091841017,USDT,2024-10-25,1
44076956725,USDT,2024-10-26,1
34453667355,USDT,2024-10-27,1
66855500410,USDT,2024-10-28,1
87586242107,USDT,2024-10-29,1
69142436437,USDT,2024-10-30,1
67445977914,USDT,2024-10-31,1
75894767746,USDT,2024-11-01,1
35453783349,USDT,2024-11-02,1
57567131255,USDT,2024-11-03,1
64129566492,USDT,2024-11-04,1
69890308288,USDT,2024-11-05,1
174263401161,USDT,2024-11-06,1
113210698441,USDT,2024-11-07,1
102072246665,USDT,2024-11-08,1
79860693662,USDT,2024-11-09,1
178936402107,USDT,2024-11-10,1
221704336713,USDT,2024-11-11,1
263991047405,USDT,2024-11-12,1
249998968429,USDT,2024-11-13,1
191362214233,USDT,2024-11-14,1
162767483205,USDT,2024-11-15,1
132581111290,USDT,2024-11-16,1
132049931364,USDT,2024-11-17,1
160315204053,USDT,2024-11-18,1
145026896702,USDT,2024-11-19,1
140774842890,USDT,2024-11-20,1
196629125698,USDT,2024-11-21,1
168744865627,USDT,2024-11-22,1
175794188544,USDT,2024-11-23,1
161179026067,USDT,2024-11-24,1
191694839817,USDT,2024-11-25,1
181473614140,USDT,2024-11-26,1
160374457051,USDT,2024-11-27,1
129679180306,USDT,2024-11-28,1
134186448971,USDT,2024-11-29,1
120928470477,USDT,2024-11-30,1
130353277727,USDT,2024-12-01,1
227268445649,USDT,2024-12-02,1
228432340978,USDT,2024-12-03,1
230862012926,USDT,2024-12-04,1
300668571420,USDT,2024-12-05,1
217009391726,USDT,2024-12-06,1
134071994829,USDT,2024-12-07,1
124097864930,USDT,2024-12-08,1
268299692134,USDT,2024-12-09,1
258614541407,USDT,2024-12-10,1
183494290144,USDT,2024-12-11,1
175416498704,USDT,2024-12-12,1
138144222106,USDT,2024-12-13,1
105119424690,USDT,2024-12-14,1
110558845836,USDT,2024-12-15,1
182117784211,USDT,2024-12-16,1
153946818098,USDT,2024-12-17,1
204621508146,USDT,2024-12-18,1
235961162359,USDT,2024-12-19,1
259587932676,USDT,2024-12-20,1
145138019727,USDT,2024-12-21,1
113706935887,USDT,2024-12-22,1
143549331087,USDT,2024-12-23,1
110251264354,USDT,2024-12-24,1
95006873018,USDT,2024-12-25,1
103981654028,USDT,2024-12-26,1
109643243034,USDT,2024-12-27,1
67439233134,USDT,2024-12-28,1
69693606139,USDT,2024-12-29,1
115072081499,USDT,2024-12-30,1
91819301596,USDT,2024-12-31,1
68502735817,USDT,2025-01-01,1
105203615172,USDT,2025-01-02,1
98538090257,USDT,2025-01-03,1
74021836865,USDT,2025-01-04,1
64028140855,USDT,2025-01-05,1
108122902094,USDT,2025-01-06,1
131667426225,USDT,2025-01-07,1
136465081033,USDT,2025-01-08,1
123330689723,USDT,2025-01-09,1
118957513491,USDT,2025-01-10,1
57535335308,USDT,2025-01-11,1
54637025454,USDT,2025-01-12,1
144300712698,USDT,2025-01-13,1
98005957394,USDT,2025-01-14,1
123293293794,USDT,2025-01-15,1
121313098677,USDT,2025-01-16,1
134437311375,USDT,2025-01-17,1
142636119598,USDT,2025-01-18,1
242157716336,USDT,2025-01-19,1
273447339459,USDT,2025-01-20,1
174822279640,USDT,2025-01-21,1
112098975855,USDT,2025-01-22,1
156427496541,USDT,2025-01-23,1
106044721443,USDT,2025-01-24,1
65014479482,USDT,2025-01-25,1
63723125224,USDT,2025-01-26,1
162852896419,USDT,2025-01-27,1
91853415796,USDT,2025-01-28,1
94067494817,USDT,2025-01-29,1
83411405756,USDT,2025-01-30,1
96233410167,USDT,2025-01-31,1
72792811129,USDT,2025-02-01,1
147745588018,USDT,2025-02-02,1
292831861639,USDT,2025-02-03,1
155187896041,USDT,2025-02-04,1
100967848652,USDT,2025-02-05,1
99009274148,USDT,2025-02-06,1
107866064908,USDT,2025-02-07,1
59882139192,USDT,2025-02-08,1
67025155232,USDT,2025-02-09,1
82150710154,USDT,2025-02-10,1
84538857183,USDT,2025-02-11,1
102503671614,USDT,2025-02-12,1
83624826615,USDT,2025-02-13,1
82431082792,USDT,2025-02-14,1
49511991572,USDT,2025-02-15,1
45737337095,USDT,2025-02-16,1
73802340406,USDT,2025-02-17,1
85488692072,USDT,2025-02-18,1
65862475675,USDT,2025-02-19,1
72455845464,USDT,2025-02-20,1
108902119689,USDT,2025-02-21,1
57283088675,USDT,2025-02-22,1
54022199584,USDT,2025-02-23,1
100852116996,USDT,2025-02-24,1
170041838176,USDT,2025-02-25,1
119836685405,USDT,2025-02-26,1
98043035762,USDT,2025-02-27,1
146908454227,USDT,2025-02-28,1
62938723492,USDT,2025-03-01,1
133280929229,USDT,2025-03-02,1
135811207338,USDT,2025-03-03,1
130594229329,USDT,2025-03-04,1
91447454228,USDT,2025-03-05,1
87306564550,USDT,2025-03-06,1
111427883161,USDT,2025-03-07,1
45463660288,USDT,2025-03-08,1
66660356811,USDT,2025-03-09,1
106068799847,USDT,2025-03-10,1
104880955133,USDT,2025-03-11,1
78841806978,USDT,2025-03-12,1
69499068047,USDT,2025-03-13,1
60468227136,USDT,2025-03-14,1
38617325773,USDT,2025-03-15,1
48641020262,USDT,2025-03-16,1
56970443832,USDT,2025-03-17,1
55568882437,USDT,2025-03-18,1
77454470815,USDT,2025-03-19,1
61655037854,USDT,2025-03-20,1
47826756168,USDT,2025-03-21,1
33001997620,USDT,2025-03-22,1
39613720219,USDT,2025-03-23,1
67599933158,USDT,2025-03-24,1
58456757340,USDT,2025-03-25,1
58872800987,USDT,2025-03-26,1
55911263699,USDT,2025-03-27,1
71112920720,USDT,2025-03-28,1
45385777468,USDT,2025-03-29,1
38085432412,USDT,2025-03-30,1
59967779901,USDT,2025-03-31,1
58370134998,USDT,2025-04-01,1
91631661187,USDT,2025-04-02,1
74632997745,USDT,2025-04-03,1
79619710660,USDT,2025-04-04,1
34108090670,USDT,2025-04-05,1
74366051040,USDT,2025-04-06,1
159480342752,USDT,2025-04-07,1
81564232647,USDT,2025-04-08,1
139544979611,USDT,2025-04-09,1
80163124209,USDT,2025-04-10,1
69911193868,USDT,2025-04-11,1
53780414831,USDT,2025-04-12,1
60193768880,USDT,2025-04-13,1
65444521521,USDT,2025-04-14,1
54947280667,USDT,2025-04-15,1
59750641080,USDT,2025-04-16,1
47118773907,USDT,2025-04-17,1
33063109617,USDT,2025-04-18,1
34424066182,USDT,2025-04-19,1
37039868478,USDT,2025-04-20,1
72249779354,USDT,2025-04-21,1
97051535759,USDT,2025-04-22,1
89456481949,USDT,2025-04-23,1
70478465816,USDT,2025-04-24,1
82748542699,USDT,2025-04-25,1
50556786801,USDT,2025-04-26,1
45636119067,USDT,2025-04-27,1
71418678616,USDT,2025-04-28,1
58847439395,USDT,2025-04-29,1
60565082309,USDT,2025-04-30,1
63545852894,USDT,2025-05-01,1
53577687728,USDT,2025-05-02,1
37059197790,USDT,2025-05-03,1
39019645137,USDT,2025-05-04,1
52376592856,USDT,2025-05-05,1
56328642132,USDT,2025-05-06,1
58714502443,USDT,2025-05-07,1
113086692647,USDT,2025-05-08,1
123013026162,USDT,2025-05-09,1
88086126429,USDT,2025-05-10,1
88874924689,USDT,2025-05-11,1
130321621664,USDT,2025-05-12,1
104321151541,USDT,2025-05-13,1
86030378330,USDT,2025-05-14,1
90553673786,USDT,2025-05-15,1
71549071733,USDT,2025-05-16,1
60177866672,USDT,2025-05-17,1
83080469498,USDT,2025-05-18,1
94868169113,USDT,2025-05-19,1
83143664164,USDT,2025-05-20,1
123466069083,USDT,2025-05-21,1
110975437486,USDT,2025-05-22,1
120184388351,USDT,2025-05-23,1
60282877255,USDT,2025-05-24,1
65478311659,USDT,2025-05-25,1
65825717009,USDT,2025-05-26,1
88511058748,USDT,2025-05-27,1
75666999754,USDT,2025-05-28,1
132016426246,USDT,2025-05-29,1
103196627033,USDT,2025-05-30,1
66326914702,USDT,2025-05-31,1
53989612056,USDT,2025-06-01,1
66085098943,USDT,2025-06-02,1
71013728169,USDT,2025-06-03,1
67119856911,USDT,2025-06-04,1
92185172217,USDT,2025-06-05,1
72405540439,USDT,2025-06-06,1
53104974465,USDT,2025-06-07,1
56579422544,USDT,2025-06-08,1
78229739798,USDT,2025-06-09,1
96538967029,USDT,2025-06-10,1
86823756798,USDT,2025-06-11,1
83390494825,USDT,2025-06-12,1
113707726435,USDT,2025-06-13,1
49035562806,USDT,2025-06-14,1
47283178771,USDT,2025-06-15,1
81243114660,USDT,2025-06-16,1
88541509931,USDT,2025-06-17,1
72884896811,USDT,2025-06-18,1
51812908672,USDT,2025-06-19,1
75209794639,USDT,2025-06-20,1
59391042865,USDT,2025-06-21,1
99454507418,USDT,2025-06-22,1
98542704157,USDT,2025-06-23,1
75707901657,USDT,2025-06-24,1
69356982500,USDT,2025-06-25,1
64207856832,USDT,2025-06-26,1
60543447346,USDT,2025-06-27,1
36646048715,USDT,2025-06-28,1
47033153081,USDT,2025-06-29,1
63682675277,USDT,2025-06-30,1
61712257961,USDT,2025-07-01,1
84337260966,USDT,2025-07-02,1
74258481190,USDT,2025-07-03,1
61260899527,USDT,2025-07-04,1
36817986895,USDT,2025-07-05,1
49522300682,USDT,2025-07-06,1
61718401347,USDT,2025-07-07,1
61978988726,USDT,2025-07-08,1
89310464799,USDT,2025-07-09,1
118583636419,USDT,2025-07-10,1
149421606856,USDT,2025-07-11,1
78220719514,USDT,2025-07-12,1
79087285413,USDT,2025-07-13,1
139888129017,USDT,2025-07-14,1
147110595931,USDT,2025-07-15,1
136735817796,USDT,2025-07-16,1
145287866633,USDT,2025-07-17,1
171391095397,USDT,2025-07-18,1
84555363504,USDT,2025-07-19,1
121220271115,USDT,2025-07-20,1
142526085980,USDT,2025-07-21,1
152807165273,USDT,2025-07-22,1
141784375073,USDT,2025-07-23,1
140278466992,USDT,2025-07-24,1
160666344286,USDT,2025-07-25,1
81395777919,USDT,2025-07-26,1
93779072985,USDT,2025-07-27,1
122494776913,USDT,2025-07-28,1
119233565102,USDT,2025-07-29,1
117065539789,USDT,2025-07-30,1
115507997580,USDT,2025-07-31,1
149264878937,USDT,2025-08-01,1
90832324897,USDT,2025-08-02,1
68628703726,USDT,2025-08-03,1
94254451380,USDT,2025-08-04,1
100233404863,USDT,2025-08-05,1
86168507038,USDT,2025-08-06,1
113750272695,USDT,2025-08-07,1
120123758457,USDT,2025-08-08,1
109112430637,USDT,2025-08-09,1
110258257943,USDT,2025-08-10,1
153631931263,USDT,2025-08-11,1
145454707320,USDT,2025-08-12,1
176174405839,USDT,2025-08-13,1
209961673553,USDT,2025-08-14,1
136081976828,USDT,2025-08-15,1
78429925390,USDT,2025-08-16,1
84634710709,USDT,2025-08-17,1
135590930861,USDT,2025-08-18,1
133667632358,USDT,2025-08-19,1
128830738720,USDT,2025-08-20,1
99705745364,USDT,2025-08-21,1
177968789836,USDT,2025-08-22,1
106830359561,USDT,2025-08-23,1
144846575399,USDT,2025-08-24,1
168636919245,USDT,2025-08-25,1
138436111431,USDT,2025-08-26,1
120312328281,USDT,2025-08-27,1
110437549759,USDT,2025-08-28,1
142155878479,USDT,2025-08-29,1
82307848032,USDT,2025-08-30,1
81269306867,USDT,2025-08-31,1
122614755607,USDT,2025-09-01,1
125812940916,USDT,2025-09-02,1
106189144879,USDT,2025-09-03,1
102212994424,USDT,2025-09-04,1
132146186478,USDT,2025-09-05,1
63681768081,USDT,2025-09-06,1
70719934554,USDT,2025-09-07,1
114790407663,USDT,2025-09-08,1
124541484302,USDT,2025-09-09,1
133101421364,USDT,2025-09-10,1
121507255807,USDT,2025-09-11,1
141338448172,USDT,2025-09-12,1
119042646333,USDT,2025-09-13,1
105982674402,USDT,2025-09-14,1
139213508847,USDT,2025-09-15,1
116631704617,USDT,2025-09-16,1
154274220391,USDT,2025-09-17,1
142240779824,USDT,2025-09-18,1
112173044138,USDT,2025-09-19,1
78464789723,USDT,2025-09-20,1
84579518480,USDT,2025-09-21,1
192241730378,USDT,2025-09-22,1
129756252249,USDT,2025-09-23,1
127933462579,USDT,2025-09-24,1
201897993979,USDT,2025-09-25,1
154341516007,USDT,2025-09-26,1
83168656412,USDT,2025-09-27,1
92130856740,USDT,2025-09-28,1
149598657209,USDT,2025-09-29,1
141617176980,USDT,2025-09-30,1
160344508086,USDT,2025-10-01,1
169486978125,USDT,2025-10-02,1
180715556425,USDT,2025-10-03,1
99382972258,USDT,2025-10-04,1
158608091665,USDT,2025-10-05,1
168375378432,USDT,2025-10-06,1
192783487489,USDT,2025-10-07,1
158618584990,USDT,2025-10-08,1
174554495070,USDT,2025-10-09,1
344398037459,USDT,2025-10-10,1
253479630144,USDT,2025-10-11,1
217858899877,USDT,2025-10-12,1
193528248672,USDT,2025-10-13,1
221236832633,USDT,2025-10-14,1
170147938778,USDT,2025-10-15,1
183807551756,USDT,2025-10-16,1
204241479578,USDT,2025-10-17,1
92433050492,USDT,2025-10-18,1
113441520509,USDT,2025-10-19,1
140035880063,USDT,2025-10-20,1
189249929340,USDT,2025-10-21,1
164510413668,USDT,2025-10-22,1
129632145103,USDT,2025-10-23,1
119470709578,USDT,2025-10-24,1
69239633414,USDT,2025-10-25,1
102374273854,USDT,2025-10-26,1
141545257932,USDT,2025-10-27,1
130159595314,USDT,2025-10-28,1
137767365340,USDT,2025-10-29,1
153545488789,USDT,2025-10-30,1
135248715842,USDT,2025-10-31,1
74530426678,USDT,2025-11-01,1
87990855403,USDT,2025-11-02,1
176871325526,USDT,2025-11-03,1
241475086413,USDT,2025-11-04,1
164615811246,USDT,2025-11-05,1
136131315720,USDT,2025-11-06,1
170699361657,USDT,2025-11-07,1
102848841858,USDT,2025-11-08,1
106734150825,USDT,2025-11-09,1
136965192866,USDT,2025-11-10,1
139919777898,USDT,2025-11-11,1
125966296267,USDT,2025-11-12,1
167234230804,USDT,2025-11-13,1
179708124711,USDT,2025-11-14,1
87346757339,USDT,2025-11-15,1
119937340292,USDT,2025-11-16,1
158466587927,USDT,2025-11-17,1
156914958706,USDT,2025-11-18,1
142163447276,USDT,2025-11-19,1
162346571995,USDT,2025-11-20,1
211350842667,USDT,2025-11-21,1
80725438012,USDT,2025-11-22,1
93113293579,USDT,2025-11-23,1
119819578839,USDT,2025-11-24,1
102433262214,USDT,2025-11-25,1
102580658562,USDT,2025-11-26,1
84918880946,USDT,2025-11-27,1
93695868523,USDT,2025-11-28,1
56449708485,USDT,2025-11-29,1
58060684316,USDT,2025-11-30,1
136512854575,USDT,2025-12-01,1
115617188862,USDT,2025-12-02,1
117032986206,USDT,2025-12-03,1
98585820418,USDT,2025-12-04,1
98818490719,USDT,2025-12-05,1
53315581787,USDT,2025-12-06,1
72808424054,USDT,2025-12-07,1
88136109201,USDT,2025-12-08,1
108124525756,USDT,2025-12-09,1
104582114546,USDT,2025-12-10,1
101622304149,USDT,2025-12-11,1
86394477161,USDT,2025-12-12,1
46254432201,USDT,2025-12-13,1
57551567458,USDT,2025-12-14,1
96176642817,USDT,2025-12-15,1
84425789643,USDT,2025-12-16,1
92047938306,USDT,2025-12-17,1
105998238214,USDT,2025-12-18,1
101816687768,USDT,2025-12-19,1
45991860432,USDT,2025-12-20,1
58117509263,USDT,2025-12-21,1
84644391342,USDT,2025-12-22,1
77238853787,USDT,2025-12-23,1
62404214627,USDT,2025-12-24,1
54062181923,USDT,2025-12-25,1
81713363687,USDT,2025-12-26,1
40982045847,USDT,2025-12-27,1
43793554358,USDT,2025-12-28,1
97725242399,USDT,2025-12-29,1
74119035312,USDT,2025-12-30,1
